;Proposições;Autor;Apresentaç
0;PL 3105/2015;Christiane de Souza Yared - PTN/PR;23/09/2015
1;PL 4569/2016;Hildo Rocha - PMDB/MA;29/02/2016
2;PL 6436/2016;Vitor Valim - PMDB/CE;08/11/2016
3;PL 6789/2013;"Jerônimo Goergen - PP/RS; Carlos Brandão - PSDB/MA; Plínio Valério - PSDB/AM e outros";20/11/2013
4;PL 7350/2017;"Lúcio Vale - PR/PA; Cristiane Brasil - PTB/RJ; Capitão Augusto - PR/SP e outros";06/04/2017
5;PL 3266/2020;Bibo Nunes - PSL/RS;10/06/2020
6;PL 7843/2017;"Alessandro Molon - REDE/RJ; Professor Israel Batista - PV/DF; Mariana Carvalho - PSDB/RO e outros";12/06/2017
7;PL 3311/2020;"Alexandre Padilha - PT/SP; Leonardo Monteiro - PT/MG; Valmir Assunção - PT/BA e outros";15/06/2020
8;PL 3315/2020;Luiz Philippe de Orleans e Bragança - PSL/SP;15/06/2020
9;PL 3496/2020;Rejane Dias - PT/PI;24/06/2020
10;PL 3504/2020;Capitão Alberto Neto - REPUBLIC/AM;25/06/2020
11;PL 3137/2020;Aline Gurgel - REPUBLIC/AP;04/06/2020
12;PL 3156/2020;Enéias Reis - PSL/MG;05/06/2020
13;PL 3181/2020;Marreca Filho - PATRIOTA/MA;08/06/2020
14;PL 3262/2020;Eduardo da Fonte - PP/PE;10/06/2020
15;PL 3333/2020;Ricardo Barros - PP/PR;16/06/2020
16;PL 2898/2020;Alexandre Frota - PSDB/SP;26/05/2020
17;PL 5259/2013;Eleuses Paiva - PSD/SP;27/03/2013
18;PL 10609/2018;Adail Carneiro - PODE/CE;11/07/2018
19;PL 2060/2020;Joice Hasselmann - PSL/SP;22/04/2020
20;PL 3391/2019;Fábio Faria - PSD/RN;06/06/2019
21;PL 1723/2020;Nivaldo Albuquerque - PTB/AL;08/04/2020
22;PLP 102/2020;"Renildo Calheiros - PCdoB/PE; Jandira Feghali - PCdoB/RJ; Perpétua Almeida - PCdoB/AC";17/04/2020
23;PL 2726/2020;"Alexandre Padilha - PT/SP; Enio Verri - PT/PR; Professora Rosa Neide - PT/MT e outros";18/05/2020
24;PL 4797/2019;Professor Israel Batista - PV/DF;03/09/2019
25;PL 6594/2016;Tia Eron - PRB/BA;30/11/2016
26;PL 1374/2015;Goulart - PSD/SP;05/05/2015
27;PL 2970/2020;"General Peternelli - PSL/SP; Carmen Zanotto - CIDADANIA/SC; General Girão - PSL/RN e outros";28/05/2020
28;PL 2809/2020;"Antonio Brito - PSD/BA; Dr. Luiz Antonio Teixeira Jr. - PP/RJ; Carmen Zanotto - CIDADANIA/SC";21/05/2020
29;PL 130/2019;Renata Abreu - PODE/SP;04/02/2019
30;PL 2517/2019;Felipe Carreras - PSB/PE;24/04/2019
31;PL 4369/2019;Edna Henrique - PSDB/PB;08/08/2019
32;PL 1190/2015;Domingos Neto - PROS/CE;16/04/2015
33;PL 4351/2019;Dra. Soraya Manato - PSL/ES;08/08/2019
34;PL 4870/2019;Rejane Dias - PT/PI;04/09/2019
35;PL 9474/2018;Chico D'Angelo - PT/RJ;06/02/2018
36;PL 8734/2017;Eros Biondini - PROS/MG;02/10/2017
37;PL 10993/2018;Carlos Henrique Gaguim - DEM/TO;20/11/2018
38;PL 43/2019;Fred Costa - PATRI/MG;04/02/2019
39;PL 5272/2019;Carlos Henrique Gaguim - DEM/TO;30/09/2019
40;PL 8750/2017;Carlos Henrique Gaguim - PODE/TO;03/10/2017
41;PL 7972/2017;Jean Wyllys - PSOL/RJ;28/06/2017
42;PL 8547/2017;Laudivio Carvalho - SD/MG;12/09/2017
43;PL 3684/2015;Edinho Bez - PMDB/SC;18/11/2015
44;PL 470/2015;Laerte Rodrigues de Bessa - PR/DF;25/02/2015
45;PLP 48/2011;Dr. Aluizio - PV/RJ;05/05/2011
46;PLP 294/2016;Moses Rodrigues - PMDB/CE;21/06/2016
47;PLP 103/2020;João Daniel - PT/SE;17/04/2020
48;PL 3389/2020;Paula Belmonte - CIDADANIA/DF;17/06/2020
49;PL 3035/2020;Alexandre Frota - PSDB/SP;01/06/2020
50;PL 3032/2020;Alexandre Frota - PSDB/SP;01/06/2020
51;PL 658/2020;Helder Salomão - PT/ES;17/03/2020
52;PL 3039/2020;Alexandre Frota - PSDB/SP;01/06/2020
53;PL 3118/2020;Jéssica Sales - MDB/AC;03/06/2020
54;PL 3219/2020;David Soares - DEM/SP;09/06/2020
55;PL 3406/2020;Weliton Prado - PROS/MG;18/06/2020
56;PL 1459/2015;Flávia Morais - PDT/GO;07/05/2015
57;PL 4841/2012;Alberto Filho - PMDB/MA;12/12/2012
58;PL 2499/2019;Rejane Dias - PT/PI;24/04/2019
59;PL 5857/2019;Fábio Trad - PSD/MS;05/11/2019
60;PLP 479/2018;Odorico Monteiro - PSB/CE;07/03/2018
61;PL 10778/2018;Cabo Daciolo - PATRI/RJ;04/09/2018
62;PL 5084/2019;Julian Lemos - PSL/PB;17/09/2019
63;PL 4565/2019;Alexandre Padilha - PT/SP;20/08/2019
64;PL 470/2020;Chico D'Angelo - PDT/RJ;03/03/2020
65;PL 5625/2019;Lourival Gomes - PSL/RJ;23/10/2019
66;PL 11228/2018;Carlos Henrique Gaguim - DEM/TO;19/12/2018
67;PL 187/2019;Igor Timo - PODE/MG;04/02/2019
68;PL 2877/2020;Otto Alencar Filho - PSD/BA;25/05/2020
69;PL 1397/2020;Hugo Leal - PSD/RJ;01/04/2020
70;PL 1883/2020;Ricardo Silva - PSB/SP;14/04/2020
71;PL 6238/2019;Celso Russomanno - REPUBLIC/SP;28/11/2019
72;PL 6106/2019;Célio Studart - PV/CE;20/11/2019
73;PL 3302/2015;Pedro Cunha Lima - PSDB/PB;14/10/2015
74;PL 1971/2020;Geninho Zuliani - DEM/SP;16/04/2020
75;PL 5449/2013;Camilo Cola - PMDB/ES;24/04/2013
76;PL 6029/2013;Guilherme Mussi - PSD/SP;06/08/2013
77;PL 8056/2014;Erika Kokay - PT/DF;03/11/2014
78;PL 2864/2019;Marcon - PT/RS;14/05/2019
79;PL 937/2015;Wadson Ribeiro - PCdoB/MG;26/03/2015
80;PL 1765/2020;Júlio Delgado - PSB/MG;09/04/2020
81;PL 3558/2020;Dra. Soraya Manato - PSL/ES;30/06/2020
82;PL 3553/2020;Marreca Filho - PATRIOTA/MA;30/06/2020
83;PL 8116/2014;"Alberto Filho - PMDB/MA; Arolde de Oliveira - PSD/RJ; Aníbal Gomes - PMDB/CE";19/11/2014
84;PL 2697/2020;Dr. Zacharias Calil - DEM/GO;15/05/2020
85;PL 2803/2020;Antonio Brito - PSD/BA;20/05/2020
86;PL 2806/2020;"Weliton Prado - PROS/MG;Ricardo Izar - PP/SP";21/05/2020
87;PL 1493/2020;Felipe Carreras - PSB/PE;02/04/2020
88;PL 1892/2020;Dr. Leonardo - SOLIDARI/MT;14/04/2020
89;PL 4345/2016;Atila A. Nunes - PSL/RJ;04/02/2016
90;PL 3774/2019;Maria do Rosário - PT/RS;27/06/2019
91;PL 10466/2018;Norma Ayub - DEM/ES;20/06/2018
92;PL 1840/2020;"Danilo Cabral - PSB/PE; Luciano Ducci - PSB/PR; Vilson da Fetaemg - PSB/MG e outros";13/04/2020
93;PL 2119/2020;Elias Vaz - PSB/GO;23/04/2020
94;PL 7865/2017;Alfredo Nascimento - PR/AM;13/06/2017
95;PL 459/2015;Andre Moura - PSC/SE;25/02/2015
96;PL 5574/2016;Marcelo Álvaro Antônio - PR/MG;15/06/2016
97;PL 10995/2018;Carlos Henrique Gaguim - DEM/TO;20/11/2018
98;PL 1590/2019;Roberto Alves - PRB/SP;19/03/2019
99;PL 4183/2019;Roberto de Lucena - PODE/SP;02/08/2019
200;PL 1100/2020;José Nelto - PODE/GO;26/03/2020
201;PL 2913/2011;Sandro Alex - PPS/PR;13/12/2011
202;PL 3748/2012;Jesus Rodrigues - PT/PI;25/04/2012
203;PL 3284/2015;Carlos Bezerra - PMDB/MT;13/10/2015
204;PL 2470/2015;Cabo Sabino - PR/CE;04/08/2015
205;PL 8338/2017;Lucas Vergilio - SD/GO;22/08/2017
206;PL 6316/2016;Pompeo de Mattos - PDT/RS;18/10/2016
207;PL 9060/2017;Aureo - SD/RJ;08/11/2017
208;PL 3135/2020;Fábio Trad - PSD/MS;04/06/2020
209;PL 1329/2020;"Fernanda Melchionna - PSOL/RS; Sâmia Bomfim - PSOL/SP; David Miranda - PSOL/RJ e outros";31/03/2020
210;PL 6726/2016;Senado Federal - Comissão Especial do Extrateto SF;14/12/2016
211;PL 2031/2015;"Julio Lopes - PP/RJ;Paulo Abi-Ackel - PSDB/MG";18/06/2015
212;PL 573/2015;Veneziano Vital do Rêgo - PMDB/PB;04/03/2015
213;PL 3123/2012;Alexandre Leite - DEM/SP;06/02/2012
214;PL 3443/2019;"Tiago Mitraud - NOVO/MG; Vinicius Poit - NOVO/SP; João H. Campos - PSB/PE e outros";11/06/2019
215;PL 8062/2014;Alceu Moreira - PMDB/RS;04/11/2014
216;PL 4899/2012;COMISSÃO DE CONSTITUIÇÃO E JUSTIÇA E DE CIDADANIA;19/12/2012
217;PL 265/2020;Rejane Dias - PT/PI;11/02/2020
218;PL 3515/2015;Senado Federal - José Sarney - PMDB/AP;04/11/2015
219;PL 3104/2020;Weliton Prado - PROS/MG;03/06/2020
220;PL 1028/2020;Júnior Mano - PL/CE;24/03/2020
221;PL 3394/2020;Hildo Rocha - MDB/MA;18/06/2020
222;PL 2735/2020;Ricardo Guidi - PSD/SC;18/05/2020
223;PL 5123/2019;Fábio Faria - PSD/RN;17/09/2019
224;PL 3227/2015;Marco Tebaldi - PSDB/SC;06/10/2015
225;PL 6520/2016;Rômulo Gouveia - PSD/PB;22/11/2016
226;PL 7129/2017;Alexandre Leite - DEM/SP;15/03/2017
227;PL 9791/2018;Mário Heringer - PDT/MG;14/03/2018
228;PL 2451/2020;Geninho Zuliani - DEM/SP;06/05/2020
229;PL 6545/2013;Arnaldo Jordy - PPS/PA;09/10/2013
230;PL 543/2019;Giovani Cherini - PR/RS;07/02/2019
231;PL 1372/2020;Pedro Lucas Fernandes - PTB/MA;01/04/2020
232;PL 9612/2018;Luiz Couto - PT/PB;21/02/2018
233;PL 5813/2019;Herculano Passos - MDB/SP;31/10/2019
234;PL 4928/2019;Julian Lemos - PSL/PB;10/09/2019
235;PL 3634/2015;Rubens Pereira Júnior - PCdoB/MA;16/11/2015
236;PL 9592/2018;Célio Silveira - PSDB/GO;20/02/2018
237;PL 2964/2015;Célio Silveira - PSDB/GO;10/09/2015
238;PL 7479/2014;Maria do Rosário - PT/RS;29/04/2014
239;PLP 162/2020;Francisco Jr. - PSD/GO;09/06/2020
240;PL 4765/2012;Pedro Uczai - PT/SC;27/11/2012
241;PLP 205/2019;Reginaldo Lopes - PT/MG;03/09/2019
242;PLP 10/2015;"Jandira Feghali - PCdoB/RJ; Leonardo Picciani - PMDB/RJ; Eduardo da Fonte - PP/PE e outros";05/02/2015
243;PL 2934/2020;Daniel Silveira - PSL/RJ;27/05/2020
244;PL 2943/2020;"Pedro Lucas Fernandes - PTB/MA; Eduardo Costa - PTB/PA; Emanuel Pinheiro Neto - PTB/MT e outros";27/05/2020
245;PL 213/2019;Roberto de Lucena - PODE/SP;04/02/2019
246;PL 2991/2020;Alexandre Frota - PSDB/SP;29/05/2020
247;PL 2982/2020;"Elias Vaz - PSB/GO; Denis Bezerra - PSB/CE; Lídice da Mata - PSB/BA e outros";28/05/2020
248;PL 2998/2020;Filipe Barros - PSL/PR;29/05/2020
249;PL 2854/2020;"Maria do Rosário - PT/RS; Luizianne Lins - PT/CE; Rui Falcão - PT/SP e outros";25/05/2020
250;PL 1911/2019;Aroldo Martins - PRB/PR;02/04/2019
251;PL 4546/2019;David Soares - DEM/SP;15/08/2019
252;PL 278/2015;Heuler Cruvinel - PSD/GO;10/02/2015
253;PL 460/2019;Valmir Assunção;05/02/2019
254;PL 11114/2018;Jaime Martins - PROS/MG;04/12/2018
255;PLP 26/2020;Tiago Mitraud - NOVO/MG;10/03/2020
256;PL 2387/2019;Pastor Sargento Isidório - AVANTE/BA;17/04/2019
257;PL 6430/2019;Guilherme Derrite - PP/SP;12/12/2019
258;PL 6771/2016;Osmar Bertoldi - DEM/PR;20/12/2016
259;PL 3899/2019;Zé Vitor - PL/MG;04/07/2019
260;PL 2120/2020;Jéssica Sales - MDB/AC;23/04/2020
261;PL 3811/2019;Rejane Dias - PT/PI;02/07/2019
262;PL 10261/2018;"Rodrigo Garcia - DEM/SP; Alberto Fraga - DEM/DF; Aníbal Gomes - DEM/CE e outros";16/05/2018
263;PL 3450/2020;Edilázio Júnior - PSD/MA;22/06/2020
264;PL 2321/2011;Leopoldo Meyer - PSB/PR;15/09/2011
265;PL 2454/2020;Eros Biondini - PROS/MG;07/05/2020
266;PL 4700/2019;Aline Sleutjes - PSL/PR;27/08/2019
267;PL 3067/2020;Vermelho - PSD/PR;02/06/2020
268;PL 5046/2019;Daniel Silveira - PSL/RJ;12/09/2019
269;PL 962/2015;Conceição Sampaio - PP/AM;27/03/2015
270;PL 1998/2020;"Adriana Ventura - NOVO/SP; Marcel van Hattem - NOVO/RS; Pedro Westphalen - PP/RS e outros";17/04/2020
271;PL 2852/2020;Schiavinato - PP/PR;25/05/2020
272;PL 883/2019;"Policial Katia Sastre - PR/SP;Patricia Ferraz - PODE/AP";19/02/2019
273;PL 2416/2019;Celina Leão - PP/DF;17/04/2019
274;PL 9699/2018;Cristiane Brasil - PTB/RJ;06/03/2018
275;PL 3562/2019;Lauriete - PL/ES;17/06/2019
276;PL 9551/2018;Marco Antônio Cabral - PMDB/RJ;07/02/2018
277;PL 5577/2013;Rogério Carvalho - PT/SE;14/05/2013
278;PL 1266/2020;Roberto Pessoa - PSDB/CE;30/03/2020
279;PL 694/2020;Pedro Lupion - DEM/PR;18/03/2020
280;PL 4346/2012;Dudimar Paxiuba - PSDB/PA;22/08/2012
281;PL 2046/2020;Zé Vitor - PL/MG;20/04/2020
282;PL 4863/2019;Pinheirinho - PP/MG;04/09/2019
283;PL 524/2019;Sergio Vidigal - PDT/ES;06/02/2019
284;PL 11008/2018;Mariana Carvalho - PSDB/RO;21/11/2018
285;PL 614/2020;Lauriete - PL/ES;11/03/2020
286;PL 3127/2020;Carlos Bezerra - MDB/MT;04/06/2020
287;PL 3556/2020;Lucas Gonzalez - NOVO/MG;30/06/2020
288;PL 2653/2019;David Miranda - PSOL/RJ;07/05/2019
289;PL 1979/2020;Chris Tonietto - PSL/RJ;16/04/2020
290;PL 2690/2020;"Erika Kokay - PT/DF; Professora Rosa Neide - PT/MT; Patrus Ananias - PT/MG e outros";14/05/2020
291;PL 2819/2020;"Talíria Petrone - PSOL/RJ;Benedita da Silva - PT/RJ";21/05/2020
292;PL 2703/2020;Filipe Barros - PSL/PR;15/05/2020
293;PL 1462/2020;"Alexandre Padilha - PT/SP; Carmen Zanotto - CIDADANIA/SC; Jandira Feghali - PCdoB/RJ e outros";02/04/2020
294;PL 1320/2020;"Alexandre Padilha - PT/SP; Jorge Solla - PT/BA; Carmen Zanotto - CIDADANIA/SC e outros";31/03/2020
295;PL 1832/2015;Goulart - PSD/SP;09/06/2015
296;PL 2207/2019;Marcelo Ramos - PR/AM;10/04/2019
297;PL 2777/2019;Talíria Petrone - PSOL/RJ;09/05/2019
298;PL 5998/2016;Mariana Carvalho - PSDB/RO;10/08/2016
299;PL 4886/2019;Bibo Nunes - PSL/RS;04/09/2019
300;PL 7972/2014;João Paulo Lima - PT/PE;04/09/2014
301;PL 729/2015;Davidson Magalhães - PCdoB/BA;12/03/2015
302;PL 233/2019;Ney Leprevost;04/02/2019
303;PLP 84/2020;Enio Verri - PT/PR;08/04/2020
304;PLP 104/2020;Joaquim Passarinho - PSD/PA;17/04/2020
305;PL 11276/2018;Poder Executivo;27/12/2018
306;PL 2350/2020;Capitão Alberto Neto - REPUBLIC/AM;04/05/2020
307;PL 3597/2020;"Bira do Pindaré - PSB/MA; Vilson da Fetaemg - PSB/MG; Camilo Capiberibe - PSB/AP e outros";01/07/2020
308;PL 4380/2019;Paula Belmonte - CIDADANIA/DF;08/08/2019
309;PLP 130/2020;Mário Heringer - PDT/MG;21/05/2020
310;PL 2275/2020;Léo Moraes - PODE/RO;28/04/2020
311;PL 3042/2020;"Alexandre Frota - PSDB/SP; Jose Mario Schreiner - DEM/GO; Cássio Andrade - PSB/PA e outros";01/06/2020
312;PL 2455/2019;Capitão Wagner - PROS/CE;23/04/2019
313;PL 8176/2017;Marcos Rogério - DEM/RO;08/08/2017
314;PL 5676/2016;Geraldo Resende - PSDB/MS;28/06/2016
315;PL 707/2020;"Talíria Petrone - PSOL/RJ; Glauber Braga - PSOL/RJ; Luiza Erundina - PSOL/SP";18/03/2020
316;PL 5740/2016;Nilto Tatto - PT/SP;05/07/2016
317;PL 9950/2018;"Alessandro Molon - PSB/RJ; Célio Studart - PV/CE; Professora Rosa Neide - PT/MT e outros";04/04/2018
318;PEC 45/2019;Baleia Rossi - MDB/SP;03/04/2019
319;PL 821/2020;José Guimarães - PT/CE;23/03/2020
320;PL 959/2020;Hildo Rocha - MDB/MA;24/03/2020
321;PL 997/2020;Eduardo Bismarck - PDT/CE;25/03/2020
322;PL 1074/2020;Capitão Alberto Neto - REPUBLIC/AM;26/03/2020
323;PL 2294/2015;André Figueiredo - PDT/CE;08/07/2015
324;PL 2928/2015;Rocha - PSDB/AC;09/09/2015
325;PL 1117/2020;"Capitão Wagner - PROS/CE;Acácio Favacho - PROS/AP";26/03/2020
326;PL 1907/2020;"Ivan Valente - PSOL/SP; Talíria Petrone - PSOL/RJ; Fernanda Melchionna - PSOL/RS e outros";15/04/2020
327;PL 3978/2019;Carmen Zanotto - CIDADANIA/SC;09/07/2019
328;PL 10246/2018;Heuler Cruvinel - PP/GO;16/05/2018
329;PL 6055/2013;"Pastor Eurico - PSB/PE; Costa Ferreira - PSC/MA; Pastor Marco Feliciano - PSC/SP e outros";07/08/2013
330;PL 788/2019;Flordelis - PSD/RJ;13/02/2019
331;PL 6948/2017;Professor Victório Galli - PSC/MT;16/02/2017
332;PL 8608/2017;Norma Ayub - DEM/ES;19/09/2017
333;PL 2640/2019;Amaro Neto - PRB/ES;07/05/2019
334;PL 3087/2012;Senado Federal - Humberto Costa - PT/PE;02/01/2012
335;PL 3392/2019;Fábio Faria - PSD/RN;06/06/2019
336;PL 7947/2017;Renata Abreu - PODE/SP;27/06/2017
337;PL 2344/2015;Odorico Monteiro - PT/CE;14/07/2015
338;PL 4036/2012;Nilda Gondim - PMDB/PB;06/06/2012
339;PL 3949/2012;Edmar Arruda - PSC/PR;24/05/2012
340;PL 6175/2016;Rafael Motta - PSB/RN;19/09/2016
341;PL 7914/2014;Felipe Bornier - PSD/RJ;26/08/2014
342;PL 5404/2019;André de Paula - PSD/PE;08/10/2019
343;PL 2982/2011;Anthony Garotinho - PR/RJ;14/12/2011
344;PL 8108/2017;Vaidon Oliveira - DEM/CE;13/07/2017
345;PL 3918/2019;Eli Borges - SOLIDARI/TO;08/07/2019
346;PL 4753/2019;Charlles Evangelista - PSL/MG;28/08/2019
347;PL 1059/2019;José Medeiros - PODE/MT;22/02/2019
348;PL 4410/2019;Julio Cesar Ribeiro - PRB/DF;13/08/2019
349;PL 1147/2011;Rogério Carvalho - PT/SE;26/04/2011
350;PL 3104/2019;Dr. Luiz Antonio Teixeira Jr. - PP/RJ;23/05/2019
351;PL 4478/2016;COMISSÃO DE LEGISLAÇÃO PARTICIPATIVA;18/02/2016
352;PL 4097/2015;Marcelo Belinati - PP/PR;16/12/2015
353;PL 2504/2015;PACTO FEDERATIVO;05/08/2015
354;PL 5126/2016;Geraldo Resende - PSDB/MS;02/05/2016
355;PL 1944/2020;Carlos Bezerra - MDB/MT;16/04/2020
356;PL 4529/2012;Júlio Campos - DEM/MT;10/10/2012
357;PL 10370/2018;Augusto Carvalho - SD/DF;06/06/2018
358;PL 9556/2018;Delegado Éder Mauro - PSD/PA;08/02/2018
359;PL 3924/2012;"Pedro Uczai - PT/SC; Inocêncio Oliveira - PR/PE; Arnaldo Jardim - PPS/SP e outros";23/05/2012
360;PL 1897/2011;Andreia Zito - PSDB/RJ;02/08/2011
361;PL 9253/2017;Antonio Bulhões - PRB/SP;05/12/2017
362;PL 6941/2017;Jozi Araújo - PTN/AP;15/02/2017
363;PL 1774/2020;"Marcelo Ramos - PL/AM; Flávia Arruda - PL/DF; Hiran Gonçalves - PP/RR e outros";09/04/2020
364;PL 1777/2020;Erika Kokay - PT/DF;09/04/2020
365;PL 1778/2020;Erika Kokay - PT/DF;09/04/2020
366;PLP 74/2020;Hélio Leite - DEM/PA;01/04/2020
367;PL 6722/2010;Poder Executivo;29/01/2010
368;PL 7660/2010;Solange Amaral - DEM/RJ;14/07/2010
369;PLP 32/2019;Roberto Pessoa - PSDB/CE;13/02/2019
370;PLP 406/2017;Cabo Sabino - PR/CE;15/08/2017
371;PL 5778/2016;COMISSÃO DE SEGURIDADE SOCIAL E FAMÍLIA;07/07/2016
372;PL 6152/2019;Edna Henrique - PSDB/PB;26/11/2019
373;PL 804/2020;"Rodrigo Coelho - PSB/SC;Dra. Soraya Manato - PSL/ES";23/03/2020
374;PL 3319/2019;Marco Bertaiolli - PSD/SP;04/06/2019
375;PL 3206/2019;Flávia Arruda - PL/DF;29/05/2019
376;PL 6118/2019;Alexandre Padilha - PT/SP;20/11/2019
377;PL 6232/2019;Mariana Carvalho - PSDB/RO;27/11/2019
378;PL 4586/2019;Reginaldo Lopes - PT/MG;20/08/2019
379;PL 4880/2019;Perpétua Almeida - PCdoB/AC;04/09/2019
380;PL 10976/2018;Miro Teixeira - REDE/RJ;13/11/2018
381;PL 565/2011;Lindomar Garçon - PV/RO;23/02/2011
382;PL 5116/2019;Zé Vitor - PL/MG;17/09/2019
383;PL 4359/2019;Cássio Andrade - PSB/PA;08/08/2019
384;PL 4703/2016;Efraim Filho - DEM/PB;10/03/2016
385;PL 7705/2010;Paulo Bornhausen - DEM/SC;04/08/2010
386;PL 2906/2019;José Medeiros - PODE/MT;15/05/2019
387;PL 6123/2013;Sandra Rosado - PSB/RN;16/08/2013
388;PL 10504/2018;Carlos Sampaio - PSDB/SP;03/07/2018
389;PL 666/2020;Helder Salomão - PT/ES;17/03/2020
390;PL 2342/2020;Gervásio Maia - PSB/PB;04/05/2020
391;PL 1321/2020;"Enio Verri - PT/PR; Joseildo Ramos - PT/BA; Helder Salomão - PT/ES e outros";31/03/2020
392;PL 7751/2010;Senado Federal - Adelmir Santana - DEM/DF;13/08/2010
393;PL 3069/2011;Roberto de Lucena - PV/SP;21/12/2011
394;PL 7992/2014;Mara Gabrilli - PSDB/SP;25/09/2014
395;PL 2216/2011;Jesus Rodrigues - PT/PI;01/09/2011
396;PL 1087/2015;Cabo Sabino - PR/CE;09/04/2015
397;PL 5741/2019;Daniel Silveira - PSL/RJ;30/10/2019
398;PL 7909/2010;Moreira Mendes - PPS/RO;17/11/2010
399;PL 3566/2020;André de Paula - PSD/PE;30/06/2020
400;PL 667/2020;André Fufuca - PP/MA;17/03/2020
401;PL 2732/2011;Arnaldo Jardim - PPS/SP;17/11/2011
402;PL 699/2011;Arnaldo Faria de Sá - PTB/SP;15/03/2011
403;PL 949/2011;Raimundo Gomes de Matos - PSDB/CE;06/04/2011
404;PEC 249/2013;Vanderlei Macris - PSDB/SP;19/03/2013
405;PL 1811/2020;Rosangela Gomes - REPUBLIC/RJ;13/04/2020
406;PL 1862/2020;Erika Kokay - PT/DF;14/04/2020
407;PL 902/2011;Geraldo Resende - PMDB/MS;05/04/2011
408;PL 1159/2020;Flávio Nogueira - PDT/PI;27/03/2020
409;PL 3144/2020;Joice Hasselmann - PSL/SP;04/06/2020
410;PL 9077/2017;Francisco Floriano - DEM/RJ;09/11/2017
411;PL 649/2020;"Sanderson - PSL/RS; Bibo Nunes - PSL/RS; Major Fabiana - PSL/RJ e outros";17/03/2020
412;PL 3312/2019;Lauriete - PL/ES;04/06/2019
413;PL 1959/2020;Erika Kokay - PT/DF;16/04/2020
414;PL 11053/2018;Carlos Henrique Gaguim - DEM/TO;27/11/2018
415;PL 2685/2020;Jéssica Sales - MDB/AC;14/05/2020
416;PL 3871/2019;Lauriete - PL/ES;03/07/2019
417;PL 5297/2019;Lauriete - PL/ES;01/10/2019
418;PL 2693/2019;Lafayette de Andrada - PRB/MG;08/05/2019
419;PL 2566/2020;Capitão Alberto Neto - REPUBLIC/AM;12/05/2020
420;PL 853/2019;Sâmia Bomfim - PSOL/SP;19/02/2019
421;PL 5304/2013;"Vanderlei Siraque - PT/SP;Janete Rocha Pietá - PT/SP";03/04/2013
422;PL 6969/2013;"Sarney Filho - PV/MA;Alessandro Molon - PSB/RJ";17/12/2013
423;PL 7004/2017;"Weliton Prado - PMB/MG;Ricardo Izar - PP/SP";22/02/2017
424;PL 7020/2017;Rogério Peninha Mendonça - PMDB/SC;07/03/2017
425;PL 5745/2016;Felipe Bornier - PROS/RJ;05/07/2016
426;PL 2083/2019;Pastor Sargento Isidório - AVANTE/BA;04/04/2019
427;PL 5251/2016;Vitor Valim - PMDB/CE;11/05/2016
428;PL 3433/2019;Léo Moraes - PODE/RO;11/06/2019
429;PL 2699/2020;"Fernanda Melchionna - PSOL/RS; Marcelo Freixo - PSOL/RJ; David Miranda - PSOL/RJ e outros";15/05/2020
430;PL 2829/2020;Dr. Jaziel - PL/CE;21/05/2020
431;PL 5877/2019;Poder Executivo;05/11/2019
432;PL 5798/2019;Paulo Ramos - PDT/RJ;31/10/2019
433;PL 7633/2014;Jean Wyllys - PSOL/RJ;29/05/2014
434;PL 2653/2020;Luizão Goulart - REPUBLIC/PR;14/05/2020
435;PL 6980/2013;Sueli Vidigal - PDT/ES;17/12/2013
436;PL 6161/2019;Poder Executivo;26/11/2019
437;PEC 93/2011;Reginaldo Lopes - PT/MG;10/10/2011
438;PEC 41/2011;Carlos Sampaio - PSDB/SP;15/06/2011
439;PEC 22/2011;Valtenir Pereira - PSB/MT;04/05/2011
440;PEC 431/2014;Subtenente Gonzaga - PDT/MG;29/10/2014
441;PEC 390/2014;André Figueiredo - PDT/CE;26/03/2014
442;PEC 329/2013;Francisco Praciano - PT/AM;17/10/2013
443;PEC 423/2014;Jorginho Mello - PR/SC;06/08/2014
444;PEC 287/2016;Poder Executivo;05/12/2016
445;PEC 383/2017;Danilo Cabral - PSB/PE;09/11/2017
446;PEC 273/2016;Subtenente Gonzaga - PDT/MG;26/10/2016
447;PEC 348/2017;Flávia Morais - PDT/GO;13/07/2017
448;PEC 157/2015;Domingos Sávio - PSDB/MG;15/10/2015
449;PEC 360/2017;Luis Tibé - PTdoB/MG;20/09/2017
450;PL 2668/2020;"Fernanda Melchionna - PSOL/RS; Sâmia Bomfim - PSOL/SP; Edmilson Rodrigues - PSOL/PA e outros";14/05/2020
451;PL 2333/2020;"Fernanda Melchionna - PSOL/RS; Sâmia Bomfim - PSOL/SP; Talíria Petrone - PSOL/RJ e outros";30/04/2020
452;PL 2162/2020;"Fernanda Melchionna - PSOL/RS; David Miranda - PSOL/RJ; Edmilson Rodrigues - PSOL/PA e outros";24/04/2020
453;PL 7714/2014;Ronaldo Fonseca - PROS/DF;11/06/2014
454;PL 1536/2020;Vitor Lippi - PSDB/SP;03/04/2020
455;PL 4065/2015;João Rodrigues - PSD/SC;16/12/2015
456;PL 4199/2015;Carlos Henrique Gaguim - PMB/TO;21/12/2015
457;PL 1129/2020;Jose Mario Schreiner - DEM/GO;27/03/2020
458;PL 169/2015;Thiago Peixoto;04/02/2015
459;PL 2794/2015;Antônio Jácome - PMN/RN;27/08/2015
460;PL 3163/2020;André Figueiredo - PDT/CE;08/06/2020
461;PL 1813/2020;Patricia Ferraz - PODE/AP;13/04/2020
462;PL 950/2015;Fábio Mitidieri - PSD/SE;26/03/2015
463;PLP 34/2020;Wellington Roberto - PL/PB;23/03/2020
464;PL 2270/2020;"Carmen Zanotto - CIDADANIA/SC; Pedro Westphalen - PP/RS; Dra. Soraya Manato - PSL/ES e outros";28/04/2020
465;PLP 79/2020;Celso Maldaner - MDB/SC;06/04/2020
466;PL 490/2015;"Jorge Solla - PT/BA; Carmen Zanotto - CIDADANIA/SC; Alexandre Serfiotis - PSD/RJ e outros";26/02/2015
467;PL 217/2015;Carmen Zanotto - PPS/SC;05/02/2015
468;PL 2115/2020;Nicoletti - PSL/RR;23/04/2020
469;PL 2129/2020;Dr. Sinval Malheiros - PODE/SP;23/04/2020
470;PL 5644/2016;Lindomar Garçon - PRB/RO;21/06/2016
471;PL 5760/2016;Sóstenes Cavalcante - DEM/RJ;06/07/2016
472;PLP 321/2016;Mauro Lopes - PMDB/MG;18/10/2016
473;PL 2430/2020;"Alexandre Padilha - PT/SP; Dr. Zacharias Calil - DEM/GO; Professora Rosa Neide - PT/MT e outros";06/05/2020
474;PL 1255/2020;"Pedro Westphalen - PP/RS; Carmen Zanotto - CIDADANIA/SC; Dra. Soraya Manato - PSL/ES";30/03/2020
475;PL 4811/2016;Rafael Motta - PSB/RN;23/03/2016
476;PL 5192/2016;Senado Federal - Paulo Bauer - PSDB/SC;05/05/2016
477;PL 8675/2017;Sergio Vidigal - PDT/ES;21/09/2017
478;PL 8974/2017;Efraim Filho - DEM/PB;31/10/2017
479;PL 7200/2017;Eros Biondini - PROS/MG;22/03/2017
480;PL 3143/2020;"Felipe Rigoni - PSB/ES;Tabata Amaral - PDT/SP";04/06/2020
481;PL 1894/2020;"Luciano Ducci - PSB/PR; Danilo Cabral - PSB/PE; Camilo Capiberibe - PSB/AP e outros";14/04/2020
482;PL 2071/2020;"Valmir Assunção - PT/BA;João Daniel - PT/SE";22/04/2020
483;PL 3252/2020;Bacelar - PODE/BA;10/06/2020
484;PL 1347/2020;João H. Campos - PSB/PE;31/03/2020
485;PL 1715/2020;Ossesio Silva - REPUBLIC/PE;08/04/2020
486;PL 1573/2020;"Mauro Nazif - PSB/RO; Ted Conti - PSB/ES; Luciano Ducci - PSB/PR e outros";06/04/2020
487;PL 3026/2020;Carlos Sampaio - PSDB/SP;01/06/2020
488;PL 3066/2020;José Nelto - PODE/GO;02/06/2020
489;PL 1108/2020;"Felipe Carreras - PSB/PE; Luciano Ducci - PSB/PR; Cássio Andrade - PSB/PA e outros";26/03/2020
490;PL 1349/2020;João H. Campos - PSB/PE;31/03/2020
491;PL 1507/2020;Patricia Ferraz - PODE/AP;03/04/2020
492;PL 1683/2020;André Figueiredo - PDT/CE;07/04/2020
493;PL 1406/2020;Celina Leão - PP/DF;01/04/2020
494;PL 1253/2020;"Patricia Ferraz - PODE/AP;Luiz Carlos Motta - PL/SP";30/03/2020
495;PL 1152/2020;Delegado Antônio Furtado - PSL/RJ;27/03/2020
496;PL 2353/2020;José Guimarães - PT/CE;04/05/2020
497;PL 2918/2020;Marcelo Aro - PP/MG;26/05/2020
498;PL 2493/2020;"Paulão - PT/AL; Airton Faleiro - PT/PA; Alencar Santana Braga - PT/SP e outros";08/05/2020
499;PL 2548/2020;"Tereza Nelma - PSDB/AL; Professora Dorinha Seabra Rezende - DEM/TO; Dra. Soraya Manato - PSL/ES e outros";11/05/2020
500;PL 1978/2020;"Dr. Luiz Antonio Teixeira Jr. - PP/RJ; Carmen Zanotto - CIDADANIA/SC; Dra. Soraya Manato - PSL/ES";16/04/2020
501;PL 2176/2020;Orlando Silva - PCdoB/SP;27/04/2020
502;PL 2604/2020;"Fernanda Melchionna - PSOL/RS; David Miranda - PSOL/RJ; Edmilson Rodrigues - PSOL/PA e outros";13/05/2020
503;PL 2468/2020;"Marcelo Freixo - PSOL/RJ; Margarete Coelho - PP/PI; Orlando Silva - PCdoB/SP e outros";07/05/2020
504;PLP 127/2020;Celso Sabino - PSDB/PA;13/05/2020
505;PL 2445/2020;Eduardo Barbosa - PSDB/MG;06/05/2020
506;PL 565/2020;COMISSÃO DE SEGURIDADE SOCIAL E FAMÍLIA;05/03/2020
507;PL 589/2020;Edna Henrique - PSDB/PB;10/03/2020
508;PL 2161/2020;Rubens Otoni - PT/GO;24/04/2020
509;PL 471/2020;Nivaldo Albuquerque - PTB/AL;03/03/2020
510;PL 488/2020;Geninho Zuliani - DEM/SP;04/03/2020
511;PL 1753/2020;Danilo Cabral - PSB/PE;09/04/2020
512;PL 2687/2020;Pompeo de Mattos - PDT/RS;14/05/2020
513;PL 1309/2020;José Guimarães - PT/CE;31/03/2020
514;PL 1294/2020;Benedita da Silva - PT/RJ;31/03/2020
515;PL 2049/2020;Daniel Silveira - PSL/RJ;20/04/2020
516;PL 1572/2020;José Guimarães - PT/CE;06/04/2020
517;PL 758/2020;Alice Portugal - PCdoB/BA;19/03/2020
518;PL 1370/2020;"José Guimarães - PT/CE; Enio Verri - PT/PR; Perpétua Almeida - PCdoB/AC e outros";01/04/2020
519;PL 1491/2020;"Luciano Ducci - PSB/PR; Cássio Andrade - PSB/PA; Lídice da Mata - PSB/BA e outros";02/04/2020
520;PL 1835/2020;Sebastião Oliveira - PL/PE;13/04/2020
521;PL 2351/2020;Capitão Alberto Neto - REPUBLIC/AM;04/05/2020
522;PL 1223/2020;Alexandre Frota - PSDB/SP;30/03/2020
523;PL 1343/2020;João H. Campos - PSB/PE;31/03/2020
524;PL 964/2020;Helder Salomão - PT/ES;24/03/2020
525;PL 1323/2020;"Enio Verri - PT/PR; José Guimarães - PT/CE; Joseildo Ramos - PT/BA e outros";31/03/2020
526;PL 334/2020;Capitão Alberto Neto - REPUBLIC/AM;17/02/2020
527;PL 366/2020;Professor Israel Batista - PV/DF;18/02/2020
528;PL 379/2020;Enéias Reis - PSL/MG;18/02/2020
529;PL 845/2020;Arlindo Chinaglia - PT/SP;23/03/2020
530;PL 662/2020;Marcelo Freixo - PSOL/RJ;17/03/2020
531;PL 244/2020;Gildenemyr - PL/MA;11/02/2020
532;PL 119/2019;Renata Abreu - PODE/SP;04/02/2019
533;PL 362/2019;Alceu Moreira - MDB/RS;05/02/2019
534;PL 98/2020;Felipe Carreras - PSB/PE;04/02/2020
535;PL 95/2020;"General Peternelli - PSL/SP; Coronel Chrisóstomo - PSL/RO; Coronel Armando - PSL/SC e outros";04/02/2020
536;PL 2035/2019;Hiran Gonçalves - PP/RR;03/04/2019
537;PL 6431/2019;Ivan Valente - PSOL/SP;12/12/2019
538;PL 46/2020;Alexandre Frota - PSDB/SP;04/02/2020
539;PL 6379/2019;Marília Arraes - PT/PE;10/12/2019
540;PL 6462/2019;José Ricardo - PT/AM;17/12/2019
541;PL 6489/2019;Aroldo Martins - REPUBLIC/PR;17/12/2019
542;PL 2452/2015;CPI - MÁFIA DAS ÓRTESES E PRÓTESES NO BRASIL;17/07/2015
543;PL 221/2015;Jô Moraes - PCdoB/MG;05/02/2015
544;PL 175/2011;Antonio Carlos Mendes Thame - PSDB/SP;07/02/2011
545;PL 2564/2019;Cássio Andrade - PSB/PA;25/04/2019
546;PL 2836/2019;Darci de Matos - PSD/SC;14/05/2019
547;PL 4421/2016;Marco Maia - PT/RS;17/02/2016
548;PL 8446/2017;Covatti Filho - PP/RS;31/08/2017
549;PL 6323/2019;Nivaldo Albuquerque - PTB/AL;09/12/2019
550;PL 6461/2019;"André de Paula - PSD/PE; Arthur Lira - PP/AL; Baleia Rossi - MDB/SP e outros";16/12/2019
551;PL 3842/2019;Alice Portugal - PCdoB/BA;02/07/2019
552;PLP 134/2019;Bibo Nunes - PSL/RS;21/05/2019
553;PL 6220/2019;Maria Rosas - REPUBLIC/SP;27/11/2019
554;PL 4881/2012;"José de Filippi - PT/SP;Carlos Zarattini - PT/SP";18/12/2012
555;PL 6150/2019;Mário Heringer - PDT/MG;26/11/2019
556;PL 6059/2019;Eduardo Costa - PTB/PA;19/11/2019
557;PL 6028/2019;Neri Geller - PP/MT;19/11/2019
558;PL 6120/2019;Flávio Nogueira - PDT/PI;21/11/2019
559;PL 6227/2019;Dr. Jaziel - PL/CE;27/11/2019
560;PL 1388/2019;Alê Silva - PSL/MG;13/03/2019
561;PL 8882/2017;Carlos Souza - PSD/AM;18/10/2017
562;PL 742/2015;Conceição Sampaio - PP/AM;13/03/2015
563;PL 11018/2018;Carlos Henrique Gaguim - DEM/TO;21/11/2018
564;PL 1076/2019;Julio Cesar Ribeiro - PRB/DF;22/02/2019
565;PL 4037/2019;Aureo Ribeiro - SOLIDARI/RJ;11/07/2019
566;PL 5368/2019;Wilson Santiago - PTB/PB;03/10/2019
567;PL 399/2015;Fábio Mitidieri - PSD/SE;23/02/2015
568;PL 11135/2018;Fábio Trad - PSD/MS;05/12/2018
569;PL 10344/2018;Felipe Carreras - PSB/PE;05/06/2018
570;PL 5866/2019;Marreca Filho - PATRIOTA/MA;05/11/2019
571;PL 6583/2013;Anderson Ferreira - PR/PE;16/10/2013
572;PL 9463/2018;Poder Executivo;22/01/2018
573;PL 6670/2016;LEGISLAÇÃO PARTICIPATIVA;13/12/2016
574;PL 6126/2013;Poder Executivo;20/08/2013
575;PL 2438/2015;CPI - VIOLÊNCIA CONTRA JOVENS NEGROS E POBRES;16/07/2015
576;PL 5559/2016;"Pepe Vargas - PT/RS; Chico D'Angelo - PT/RJ; Henrique Fontana - PT/RS";14/06/2016
577;PL 5248/2016;Weverton Rocha - PDT/MA;11/05/2016
578;PL 1712/2019;Tiago Dimas - SOLIDARI/TO;26/03/2019
579;PL 10762/2018;"Odorico Monteiro - PSB/CE; Vitor Lippi - PSDB/SP; Margarida Salomão - PT/MG e outros";22/08/2018
580;PL 2383/2019;Delegado Pablo - PSL/AM;17/04/2019
581;PL 11164/2018;Carlos Henrique Gaguim - DEM/TO;11/12/2018
582;PL 1201/2011;Nilton Capixaba - PTB/RO;28/04/2011
583;PL 5170/2013;Vilson Covatti - PP/RS;19/03/2013
584;PL 228/2020;João Daniel - PT/SE;11/02/2020
585;PL 1396/2019;Senado Federal - Carlos Viana - PSD/MG;20/11/2019
586;PL 8013/2014;"Dr. Jorge Silva - PROS/ES;Norma Ayub - DEM/ES";14/10/2014
587;PL 1543/2015;"Dr. Jorge Silva - PROS/ES;Norma Ayub - DEM/ES";14/05/2015
588;PL 2527/2015;Marcelo Álvaro Antônio - PRP/MG;05/08/2015
589;PL 4537/2019;Marreca Filho - PATRIOTA/MA;15/08/2019
590;PL 4336/2016;Luiza Erundina - PSB/SP;04/02/2016
591;PL 1136/2011;Cesar Colnago - PSDB/ES;20/04/2011
592;PL 369/2019;Mara Rocha - PSDB/AC;05/02/2019
593;PL 386/2019;Rafael Motta - PSB/RN;05/02/2019
594;PL 3082/2019;Liziane Bayer - PSB/RS;22/05/2019
595;PL 1155/2015;Glauber Braga - PSB/RJ;15/04/2015
596;PL 9228/2017;Marcelo Castro - PMDB/PI;29/11/2017
597;PL 5615/2019;Clarissa Garotinho - PROS/RJ;22/10/2019
598;PL 2034/2019;Hiran Gonçalves - PP/RR;03/04/2019
599;PL 1041/2019;Capitão Wagner - PROS/CE;21/02/2019
600;PL 4505/2019;Pinheirinho - PP/MG;14/08/2019
601;PL 5371/2013;Sandra Rosado - PSB/RN;11/04/2013
602;PL 374/2011;Manuela D'ávila - PCdoB/RS;10/02/2011
603;PL 5558/2019;Lucas Gonzalez - NOVO/MG;16/10/2019
604;PL 4272/2016;Sérgio Reis - PRB/SP;02/02/2016
605;PL 7868/2014;André de Paula - PSD/PE;06/08/2014
606;PL 2260/2019;Eduardo Barbosa - PSDB/MG;11/04/2019
607;PL 5720/2019;Giovani Cherini - PL/RS;29/10/2019
608;PL 6342/2013;Simão Sessim - PP/RJ;12/09/2013
609;PL 6001/2019;Senado Federal - Airton Sandoval - MDB/SP;12/11/2019
610;PL 5678/2019;Dra. Soraya Manato - PSL/ES;24/10/2019
611;PL 5460/2016;Senado Federal - Acir Gurgacz - PDT/RO;01/06/2016
612;PL 6409/2016;Vicentinho Júnior - PR/TO;25/10/2016
613;PLP 464/2017;Valadares Filho - PSB/SE;20/12/2017
614;PL 9671/2018;Prof. Gedeão Amorim - PMDB/AM;28/02/2018
615;PL 2022/2019;Mauro Nazif - PSB/RO;03/04/2019
616;PL 1003/2019;José Airton Félix Cirilo - PT/CE;21/02/2019
617;PL 3606/2019;Ossesio Silva - PRB/PE;18/06/2019
618;PL 3486/2019;Tiririca - PL/SP;12/06/2019
619;PL 3372/2019;Igor Kannário - PHS/BA;06/06/2019
620;PL 4943/2019;Dr. Luiz Antonio Teixeira Jr. - PP/RJ;10/09/2019
621;PL 5118/2019;Carmen Zanotto - CIDADANIA/SC;17/09/2019
622;PL 5210/2019;Damião Feliciano - PDT/PB;24/09/2019
623;PL 5156/2019;Célio Studart - PV/CE;18/09/2019
624;PL 5265/2019;Nivaldo Albuquerque - PTB/AL;26/09/2019
625;PL 5587/2019;Angela Amin - PP/SC;22/10/2019
626;PL 5443/2019;Eduardo Bismarck - PDT/CE;09/10/2019
627;PL 5538/2019;Ruy Carneiro - PSDB/PB;16/10/2019
628;PL 5519/2019;Geninho Zuliani - DEM/SP;15/10/2019
629;PL 5527/2019;Frei Anastacio Ribeiro - PT/PB;15/10/2019
630;PL 5539/2019;Hercílio Coelho Diniz - MDB/MG;16/10/2019
631;PL 5602/2019;Bia Cavassa - PSDB/MS;22/10/2019
632;PL 6004/2013;Senado Federal - Marconi Perillo - PSDB/GO;17/07/2013
633;PLP 437/2014;Domingos Neto - PROS/CE;03/12/2014
634;PL 3437/2015;Senado Federal - Vanessa Grazziotin - PCdoB/AM;27/10/2015
635;PL 5693/2013;Erika Kokay - PT/DF;04/06/2013
636;PL 7103/2014;Benedita da Silva - PT/RJ;11/02/2014
637;PL 4379/2012;Paulo Tadeu - PT/DF;04/09/2012
638;PL 7270/2014;Jean Wyllys - PSOL/RJ;19/03/2014
639;PL 10106/2018;Senado Federal - Reguffe - PDT/DF;25/04/2018
640;PL 2837/2019;Cleber Verde - PRB/MA;14/05/2019
641;PL 2828/2019;Professor Joziel - PSL/RJ;14/05/2019
642;PL 3537/2019;Edna Henrique - PSDB/PB;13/06/2019
643;PL 2370/2019;Jandira Feghali - PCdoB/RJ;16/04/2019
644;PL 6666/2016;LEGISLAÇÃO PARTICIPATIVA;12/12/2016
645;PL 3772/2012;Onyx Lorenzoni - DEM/RS;25/04/2012
646;PL 9436/2017;RELAÇÕES EXTERIORES E DE DEFESA NACIONAL;19/12/2017
647;PL 892/2015;José Guimarães - PT/CE;25/03/2015
648;PL 8131/2017;Senado Federal - Humberto Costa - PT/PE;01/08/2017
649;PL 2549/2019;André Ferreira - PSC/PE;25/04/2019
650;PL 5503/2013;Senado Federal - Vital do Rêgo - PMDB/PB;03/05/2013
651;PL 122/2019;Renata Abreu - PODE/SP;04/02/2019
652;PL 10521/2018;Paulo Teixeira - PT/SP;04/07/2018
653;PL 1606/2011;Marçal Filho - PMDB/MS;15/06/2011
654;PL 2850/2019;Felipe Carreras - PSB/PE;14/05/2019
655;PL 3535/2019;Márcio Labre - PSL/RJ;13/06/2019
656;PL 4239/2015;Marcelo Belinati - PP/PR;22/12/2015
657;PL 5056/2019;Edna Henrique - PSDB/PB;12/09/2019
658;PL 11217/2018;Domingos Neto - PSD/CE;18/12/2018
659;PL 4411/2019;Denis Bezerra - PSB/CE;13/08/2019
660;PL 2303/2019;Hiran Gonçalves - PP/RR;16/04/2019
661;PL 2142/2019;Boca Aberta - PROS/PR;09/04/2019
662;PL 1978/2015;Felipe Bornier - PSD/RJ;17/06/2015
663;PL 4502/2019;Dr. Luiz Ovando - PSL/MS;14/08/2019
664;PL 1687/2019;Célio Studart - PV/CE;21/03/2019
665;PL 4189/2019;Capitão Alberto Neto - PRB/AM;02/08/2019
666;PL 9432/2017;RELAÇÕES EXTERIORES E DE DEFESA NACIONAL;19/12/2017
667;PL 1375/2019;Júnior Ferrari - PSD/PA;12/03/2019
668;PL 5152/2016;Alfredo Nascimento - PR/AM;04/05/2016
669;PL 10043/2018;Fábio Trad - PSD/MS;17/04/2018
670;PL 9333/2017;Chico Lopes - PCdoB/CE;13/12/2017
671;PL 6126/2016;Vicentinho Júnior - PR/TO;13/09/2016
672;PL 4858/2019;Flavio Nogueira - PDT/PI;04/09/2019
673;PL 4932/2019;Bosco Saraiva - SOLIDARI/AM;10/09/2019
674;PL 4712/2019;Gil Cutrim - PDT/MA;27/08/2019
675;PL 797/2019;Marcelo Freixo - PSOL/RJ;13/02/2019
676;PL 3213/2015;Jefferson Campos - PSD/SP;06/10/2015
677;PL 4866/2019;Bosco Costa - PL/SE;04/09/2019
678;PL 4968/2016;Luiz Lauro Filho - PSB/SP;12/04/2016
679;PL 4623/2019;Pedro Augusto Bezerra - PTB/CE;21/08/2019
680;PL 1374/2019;Júnior Ferrari - PSD/PA;12/03/2019
681;PL 11101/2018;Gonzaga Patriota - PSB/PE;04/12/2018
682;PL 2511/2011;Chico D'Angelo - PT/RJ;11/10/2011
683;PL 1924/2011;Sandro Alex - PPS/PR;03/08/2011
684;PL 1616/2015;Senado Federal - Vital do Rêgo - PMDB/PB;20/05/2015
685;PL 4145/2015;Luciano Ducci - PSB/PR;17/12/2015
686;PL 11165/2018;Carlos Henrique Gaguim - DEM/TO;11/12/2018
687;PL 6075/2013;Guilherme Campos - PSD/SP;08/08/2013
688;PL 5675/2016;Marcio Alvino - PR/SP;28/06/2016
689;PL 6858/2013;"Erika Kokay - PT/DF;Amaro Neto - PRB/ES";02/12/2013
690;PL 6867/2013;Arnaldo Jardim - PPS/SP;03/12/2013
691;PL 5265/2013;Erika Kokay - PT/DF;02/04/2013
692;PL 1533/2015;Chico D'Angelo - PT/RJ;13/05/2015
693;PL 6108/2019;Roberto Pessoa - PSDB/CE;20/11/2019
694;PL 5480/2016;Ezequiel Teixeira - PTN/RJ;07/06/2016
695;PL 2216/2019;Magda Mofatto - PR/GO;10/04/2019
696;PL 4392/2016;Alexandre Valle - PMB/RJ;16/02/2016
697;PL 7523/2010;Manuela D'ávila - PCdoB/RS;23/06/2010
698;PL 3001/2011;Aguinaldo Ribeiro - PP/PB;15/12/2011
699;PL 4795/2019;Professor Israel Batista - PV/DF;03/09/2019
700;PL 9250/2017;Eduardo Barbosa - PSDB/MG;05/12/2017
701;PL 1694/2015;Aureo - SD/RJ;26/05/2015
702;PL 2190/2019;Maria Rosas - PRB/SP;09/04/2019
703;PL 9273/2017;Walter Alves - PMDB/RN;06/12/2017
704;PL 270/2015;Conceição Sampaio - PP/AM;09/02/2015
705;PL 299/2015;Cleber Verde - PRB/MA;10/02/2015
706;PL 2550/2019;André Ferreira - PSC/PE;25/04/2019
707;PL 4153/2019;Paula Belmonte - CIDADANIA/DF;19/07/2019
708;PL 6930/2017;"Arnaldo Jordy - PPS/PA; Luiz Couto - PT/PB; Flávia Morais - PDT/GO e outros";15/02/2017
709;PL 8026/2017;Luzia Ferreira - PPS/MG;05/07/2017
710;PL 3752/2012;Ronaldo Fonseca - PR/DF;25/04/2012
711;PL 983/2019;Policial Katia Sastre - PR/SP;20/02/2019
712;PL 3977/2012;Lael Varella - DEM/MG;30/05/2012
713;PLP 123/2012;Darcísio Perondi - PMDB/RS;02/02/2012
714;PL 3288/2015;Mariana Carvalho - PSDB/RO;13/10/2015
715;PL 2555/2019;Célio Studart - PV/CE;25/04/2019
716;PL 1800/2019;Gilberto Nascimento - PSC/SP;27/03/2019
717;PL 7292/2017;Luizianne Lins - PT/CE;04/04/2017
718;PL 2910/2015;LEGISLAÇÃO PARTICIPATIVA;04/09/2015
719;PL 6806/2017;Felipe Carreras - PSB/PE;02/02/2017
720;PL 2049/2015;"Marcos Abrão - PPS/GO;Rubens Bueno - PPS/PR";23/06/2015
721;PL 8440/2017;"Hugo Leal - PSB/RJ; Jandira Feghali - PCdoB/RJ; Chico D'Angelo - PT/RJ e outros";31/08/2017
722;PL 2965/2015;Alan Rick - PRB/AC;10/09/2015
723;PL 3635/2015;Rubens Pereira Júnior - PCdoB/MA;16/11/2015
724;PL 1547/2019;Chico D'Angelo - PDT/RJ;19/03/2019
725;PL 25/2019;"Weliton Prado;Aliel Machado - PSB/PR";04/02/2019
726;PL 9003/2017;Senado Federal - Paulo Paim - PT/RS;01/11/2017
727;PL 6268/2016;Valdir Colatto - PMDB/SC;10/10/2016
728;PL 7502/2014;Rubens Bueno - PPS/PR;06/05/2014
729;PL 2767/2019;Geninho Zuliani - DEM/SP;09/05/2019
730;PL 940/2019;Elcione Barbalho - MDB/PA;20/02/2019
731;PL 1567/2019;Aureo Ribeiro - SOLIDARI/RJ;19/03/2019
732;PL 2659/2015;Wadson Ribeiro - PCdoB/MG;18/08/2015
733;PL 450/2015;Júlio Delgado - PSB/MG;25/02/2015
734;PL 1368/2019;Leonardo Monteiro - PT/MG;12/03/2019
735;PL 4597/2019;Flávia Arruda - PL/DF;20/08/2019
736;PL 11043/2018;Carlos Henrique Gaguim - DEM/TO;27/11/2018
737;PL 9226/2017;"Jandira Feghali - PCdoB/RJ; Hugo Leal - PSB/RJ; Chico D'Angelo - PT/RJ e outros";29/11/2017
738;PL 4607/2019;Felipe Carreras - PSB/PE;21/08/2019
739;PL 4605/2019;Luiz Lima - PSL/RJ;20/08/2019
740;PL 4604/2019;Luiz Lima - PSL/RJ;20/08/2019
741;PL 120/2015;Juscelino Rezende Filho - PRP/MA;03/02/2015
742;PL 1626/2019;Leandre - PV/PR;20/03/2019
743;PLP 385/2014;Manoel Junior - PMDB/PB;23/04/2014
744;PL 1889/2019;Domingos Sávio - PSDB/MG;28/03/2019
745;PL 6787/2013;"Renato Simões - PT/SP; Janete Rocha Pietá; Vicentinho - PT/SP";20/11/2013
746;PL 2775/2019;José Medeiros - PODE/MT;09/05/2019
747;PLP 15/2019;Natália Bonavides - PT/RN;08/02/2019
748;PL 3933/2019;Dra. Soraya Manato - PSL/ES;09/07/2019
749;PL 4490/2019;Boca Aberta - PROS/PR;14/08/2019
750;PL 2166/2019;Mauro Nazif - PSB/RO;09/04/2019
751;PL 9638/2018;Vanderlei Macris - PSDB/SP;27/02/2018
752;PL 4718/2016;Afonso Motta - PDT/RS;15/03/2016
753;PL 4786/2016;Rômulo Gouveia - PSD/PB;21/03/2016
754;PL 8048/2014;"Chico Alencar - PSOL/RJ; Ivan Valente - PSOL/SP; Jean Wyllys - PSOL/RJ";29/10/2014
755;PL 4188/2019;Roberto de Lucena - PODE/SP;02/08/2019
756;PL 9419/2017;Mariana Carvalho - PSDB/RO;19/12/2017
757;PL 4113/2019;Nivaldo Albuquerque - PTB/AL;16/07/2019
758;PL 3957/2015;Hugo Motta - PMDB/PB;10/12/2015
759;PL 10085/2018;Ivan Valente - PSOL/SP;19/04/2018
760;PL 3818/2019;Geninho Zuliani - DEM/SP;02/07/2019
761;PL 5803/2016;Rafael Motta - PSB/RN;12/07/2016
762;PL 4090/2015;Marcelo Belinati - PP/PR;16/12/2015
763;PLP 75/2019;Schiavinato - PP/PR;25/03/2019
764;PL 3383/2012;Damião Feliciano - PDT/PB;07/03/2012
765;PL 13/2019;Joice Hasselmann - PSL/SP;04/02/2019
766;PL 1532/2019;Luiz Lima - PSL/RJ;19/03/2019
767;PL 429/2019;Rubens Bueno - PPS/PR;05/02/2019
768;PL 1468/2019;Aécio Neves - PSDB/MG;13/03/2019
769;PL 1807/2019;Bia Cavassa - PSDB/MS;27/03/2019
770;PL 2220/2019;Capitão Wagner - PROS/CE;10/04/2019
771;PL 2352/2019;Valtenir Pereira - MDB/MT;16/04/2019
772;PL 2566/2019;Jéssica Sales - MDB/AC;25/04/2019
773;PL 2400/2019;Boca Aberta - PROS/PR;17/04/2019
774;PL 2423/2019;Julio Cesar Ribeiro - PRB/DF;22/04/2019
775;PL 2785/2019;"Zé Silva - SOLIDARI/MG; Padre João - PT/MG; Leonardo Monteiro - PT/MG e outros";09/05/2019
776;PL 2790/2019;"Zé Silva - SOLIDARI/MG; Júlio Delgado - PSB/MG; André Janones - AVANTE/MG e outros";09/05/2019
777;PL 2938/2019;Dr. Jaziel - PR/CE;16/05/2019
778;PL 2873/2019;Ruy Carneiro - PSDB/PB;14/05/2019
779;PL 3117/2019;Vicentinho Júnior - PL/TO;23/05/2019
780;PL 3207/2019;Expedito Netto - PSD/RO;29/05/2019
781;PL 3533/2019;Márcio Labre - PSL/RJ;13/06/2019
782;PL 3733/2019;Magda Mofatto - PL/GO;26/06/2019
783;PL 3720/2019;Luiz Lima - PSL/RJ;25/06/2019
784;PL 7647/2014;Lucio Vieira Lima - PMDB/BA;03/06/2014
785;PL 4187/2012;Giovani Cherini - PDT/RS;11/07/2012
786;PL 570/2011;Weliton Prado - PT/MG;23/02/2011
787;PL 214/2019;Roberto de Lucena - PODE/SP;04/02/2019
788;PL 2979/2015;Sóstenes Cavalcante - PSD/RJ;15/09/2015
789;PL 1522/2015;Luciano Ducci - PSB/PR;13/05/2015
790;PL 425/2011;Hugo Leal - PSC/RJ;16/02/2011
791;PL 2333/2015;João Marcelo Souza - PMDB/MA;09/07/2015
792;PL 3606/2015;Mário Heringer - PDT/MG;11/11/2015
793;PL 4050/2015;Marcelo Belinati - PP/PR;15/12/2015
794;PL 6476/2016;Francisco Floriano - DEM/RJ;10/11/2016
795;PL 2536/2019;Daniel Silveira - PSL/RJ;25/04/2019
796;PL 9167/2017;Antonio Carlos Mendes Thame - PV/SP;27/11/2017
797;PL 7915/2010;Cleber Verde - PRB/MA;17/11/2010
798;PL 6568/2013;Senado Federal - Angela Portela - PT/RR;14/10/2013
799;PL 914/2019;Hugo Leal - PSD/RJ;19/02/2019
800;PL 6868/2010;Senado Federal - Marisa Serrano - PSDB/MS;01/03/2010
801;PL 2772/2011;Eliseu Padilha - PMDB/RS;24/11/2011
802;PL 5716/2013;Alessandro Molon - PT/RJ;05/06/2013
803;PL 65/2019;Rodrigo Agostinho - PSB/SP;04/02/2019
804;PL 878/2019;"Talíria Petrone - PSOL/RJ; Áurea Carolina - PSOL/MG; Fernanda Melchionna - PSOL/RS e outros";19/02/2019
805;PL 1561/2019;Edna Henrique - PSDB/PB;19/03/2019
806;PL 4087/2015;Marcelo Álvaro Antônio - PMB/MG;16/12/2015
807;PL 7220/2017;Delegado Waldir - PR/GO;28/03/2017
808;PL 10209/2018;Marco Antônio Cabral - PMDB/RJ;09/05/2018
809;PL 3826/2015;Osmar Terra - PMDB/RS;02/12/2015
810;PL 1079/2011;Eduardo Sciarra - DEM/PR;14/04/2011
811;PL 653/2011;Sandro Alex - PPS/PR;02/03/2011
812;PL 2760/2015;Beto Rosado - PP/RN;25/08/2015
813;PL 3378/2015;Senado Federal - Jayme Campos - DEM/MT;21/10/2015
814;PL 9512/2018;"Moses Rodrigues - PMDB/CE;Amaro Neto - PRB/ES";07/02/2018
815;PL 2453/2015;CPI - MÁFIA DAS ÓRTESES E PRÓTESES NO BRASIL;17/07/2015
816;PL 4910/2012;Antonio Brito - PTB/BA;19/12/2012
817;PL 1812/2019;Schiavinato - PP/PR;27/03/2019
818;PL 2709/2015;Aureo - SD/RJ;19/08/2015
819;PL 1907/2011;Andre Moura - PSC/SE;03/08/2011
820;PL 10522/2018;Gorete Pereira - PR/CE;04/07/2018
821;PL 9054/2017;Senado Federal - Renan Calheiros - PMDB/AL;08/11/2017
822;PL 3169/2015;Mariana Carvalho - PSDB/RO;30/09/2015
823;PL 7870/2017;Célio Silveira - PSDB/GO;13/06/2017
824;PL 6313/2016;Ana Perugini - PT/SP;18/10/2016
825;PL 1172/2015;Danrlei de Deus Hinterholz - PSD/RS;16/04/2015
826;PL 1907/2015;"Lúcio Vale - PR/PA; Félix Mendonça Júnior - PDT/BA; Capitão Augusto - PR/SP e outros";12/06/2015
827;PL 3092/2012;Dimas Fabiano - PP/MG;02/02/2012
828;PL 11158/2018;Diego Garcia - PODE/PR;11/12/2018
829;PL 10959/2018;Patrus Ananias - PT/MG;07/11/2018
830;PL 5298/2016;Daniel Vilela - PMDB/GO;17/05/2016
831;PL 10234/2018;Victor Mendes - PMDB/MA;15/05/2018
832;PLP 124/2012;Eleuses Paiva - PSD/SP;02/02/2012
833;PL 3257/2015;Aureo - SD/RJ;08/10/2015
834;PL 6501/2016;Célio Silveira - PSDB/GO;17/11/2016
835;PL 8160/2014;Luiz Carlos Busato - PTB/RS;02/12/2014
836;PL 7505/2017;Fábio Sousa - PSDB/GO;26/04/2017
837;PL 7490/2017;Fábio Sousa - PSDB/GO;26/04/2017
838;PL 10167/2018;CESP - INOVAÇÃO TECNOLÓGICA DA SAÚDE;04/05/2018
839;PL 957/2015;Mariana Carvalho - PSDB/RO;27/03/2015
840;PL 1698/2015;Carlos Manato - SD/ES;27/05/2015
841;PL 559/2015;Jorge Solla - PT/BA;04/03/2015
842;PL 588/2015;Manoel Junior - PMDB/PB;05/03/2015
843;PL 10652/2018;Evandro Roman - PSD/PR;07/08/2018
844;PL 9126/2017;Delegado Waldir - PR/GO;22/11/2017
845;PL 7952/2014;Valadares Filho - PSB/SE;03/09/2014
846;PL 1056/2015;Goulart - PSD/SP;08/04/2015
847;PL 4313/2012;Professor Victório Galli - PMDB/MT;15/08/2012
848;PL 4028/2015;Marcelo Belinati - PP/PR;15/12/2015
849;PL 703/2015;Ronaldo Benedet - PMDB/SC;12/03/2015
850;PL 10068/2018;Hiran Gonçalves - PP/RR;18/04/2018
851;PL 5544/2016;Arnaldo Faria de Sá - PTB/SP;14/06/2016
852;PL 328/2011;Hugo Leal - PSC/RJ;09/02/2011
853;PL 2884/2011;Dimas Fabiano - PP/MG;07/12/2011
854;PL 362/2015;Jorge Solla - PT/BA;11/02/2015
855;PL 8873/2017;Franklin - PP/MG;18/10/2017
856;PL 2482/2011;Newton Cardoso - PMDB/MG;05/10/2011
857;PL 97/2019;Rodrigo Agostinho - PSB/SP;04/02/2019
858;PL 352/2019;Alexandre Padilha - PT/SP;04/02/2019
859;PL 761/2015;Carlos Henrique Gaguim - PMDB/TO;17/03/2015
860;PL 7018/2013;Onofre Santo Agostini - PSD/SC;19/12/2013
861;PL 10568/2018;Mendonça Filho - DEM/PE;11/07/2018
862;PL 264/2015;Rubens Bueno - PPS/PR;09/02/2015
863;PL 11254/2018;Carlos Henrique Gaguim - DEM/TO;20/12/2018
864;PL 3569/2015;Luciano Ducci - PSB/PR;10/11/2015
865;PL 4996/2016;Senado Federal - Ana Amélia - PP/RS;12/04/2016
866;PL 11221/2018;Carlos Henrique Gaguim - DEM/TO;19/12/2018
867;PL 817/2015;Pedro Uczai - PT/SC;18/03/2015
868;PL 1193/2015;Jaime Martins - PSD/MG;16/04/2015
869;PL 848/2015;Beto Mansur - PRB/SP;19/03/2015
870;PL 428/2015;Alice Portugal - PCdoB/BA;24/02/2015
871;PL 2474/2011;Luiz Argôlo - PP/BA;05/10/2011
872;PL 2617/2011;Guilherme Mussi - PSD/SP;27/10/2011
873;PL 7585/2014;Senado Federal - Humberto Costa - PT/PE;21/05/2014
874;PL 6849/2013;"Dr. Jorge Silva - PROS/ES;Norma Ayub - DEM/ES";28/11/2013
875;PL 5922/2013;"Dr. Jorge Silva - PDT/ES;Sergio Vidigal - PDT/ES";10/07/2013
876;PL 6023/2016;Rogério Peninha Mendonça - PMDB/SC;23/08/2016
877;PL 3501/2015;Poder Executivo;03/11/2015
878;PL 3483/2015;"Laura Carneiro - PMDB/RJ;Eduardo Barbosa - PSDB/MG";29/10/2015
879;PL 3733/2015;Pedro Cunha Lima - PSDB/PB;24/11/2015
880;PL 4406/2016;Célio Silveira - PSDB/GO;17/02/2016
881;PLP 180/2015;Tereza Cristina - PSB/MS;20/10/2015
882;PL 4957/2016;Flávia Morais - PDT/GO;07/04/2016
883;PL 2576/2011;Flávia Morais - PDT/GO;25/10/2011
884;PL 8574/2017;Marco Maia - PT/RS;13/09/2017
885;PL 6975/2013;Enio Bacci - PDT/RS;17/12/2013
886;PL 4627/2012;Andreia Zito - PSDB/RJ;31/10/2012
887;PL 2026/2015;Rodrigo de Castro - PSDB/MG;18/06/2015
888;PLP 535/2018;Geraldo Resende - PSDB/MS;14/08/2018
889;PL 8277/2017;Cajar Nardes - PR/RS;15/08/2017
890;PL 2075/2011;Jânio Natal - PRP/BA;23/08/2011
891;PL 2454/2015;CPI - MÁFIA DAS ÓRTESES E PRÓTESES NO BRASIL;17/07/2015
892;PL 6615/2016;Goulart - PSD/SP;06/12/2016
893;PL 6376/2016;Vinicius Carvalho - PRB/SP;24/10/2016
894;PL 657/2015;Jorge Solla - PT/BA;10/03/2015
895;PL 361/2015;Jorge Solla - PT/BA;11/02/2015
896;PL 882/2015;Jean Wyllys - PSOL/RJ;24/03/2015
897;PL 891/2015;Flavinho - PSB/SP;24/03/2015
898;PL 9586/2018;Victor Mendes - PSD/MA;20/02/2018
899;PL 6804/2013;Reguffe - PDT/DF;21/11/2013
900;PL 5316/2013;Major Fábio - DEM/PB;04/04/2013
901;PL 9737/2018;"Julio Lopes - PP/RJ;Paulo Abi-Ackel - PSDB/MG";07/03/2018
902;PL 10259/2018;Damião Feliciano - PDT/PB;16/05/2018
903;PL 5884/2016;João Derly - REDE/RS;02/08/2016
904;PL 5274/2013;Davi Alves Silva Júnior - PR/MA;02/04/2013
905;PL 3094/2015;Pompeo de Mattos - PDT/RS;23/09/2015
906;PLP 59/2011;Pastor Marco Feliciano - PSC/SP;25/05/2011
907;PL 2485/2011;Rosinha da Adefal - PTdoB/AL;05/10/2011
908;PL 3513/2012;William Dib - PSDB/SP;22/03/2012
909;PL 3165/2015;Onyx Lorenzoni - DEM/RS;30/09/2015
910;PL 2269/2015;Luciano Ducci - PSB/PR;08/07/2015
911;PL 636/2015;Fausto Pinato - PRB/SP;10/03/2015
912;PL 7219/2014;Rogério Carvalho - PT/SE;11/03/2014
913;PL 8314/2017;Alessandro Molon - REDE/RJ;16/08/2017
914;PL 9358/2017;Alex Canziani - PTB/PR;14/12/2017
915;PL 10313/2018;LEGISLAÇÃO PARTICIPATIVA;25/05/2018
916;PL 2928/2011;POLÍTICAS PÚBLICAS DE COMBATE ÀS DROGAS;13/12/2011
917;PL 7504/2017;Iracema Portella - PP/PI;26/04/2017
918;PL 6842/2013;Major Fábio - PROS/PB;28/11/2013
919;PL 6822/2013;Rogério Carvalho - PT/SE;26/11/2013
920;PL 6773/2016;Osmar Bertoldi - DEM/PR;20/12/2016
921;PL 5639/2016;Antonio Brito - PSD/BA;21/06/2016
922;PL 7491/2014;Nilson Leitão - PSDB/MT;06/05/2014
923;PL 6605/2016;Fausto Pinato - PP/SP;01/12/2016
924;PL 3061/2015;Luiz Lauro Filho - PSB/SP;22/09/2015
925;PL 10992/2018;Carlos Henrique Gaguim - DEM/TO;20/11/2018
926;PL 1317/2011;Raimundo Gomes de Matos - PSDB/CE;11/05/2011
927;PL 6872/2013;Ricardo Izar - PSD/SP;03/12/2013
928;PL 983/2011;José Humberto - PHS/MG;12/04/2011
929;PL 6216/2013;Jose Stédile - PSB/RS;28/08/2013
930;PL 6232/2016;"Laura Carneiro - PMDB/RJ;Carmen Zanotto - PPS/SC";04/10/2016
931;PL 5077/2016;Alan Rick - PRB/AC;26/04/2016
932;PL 6748/2016;Nilto Tatto - PT/SP;15/12/2016
933;PL 3987/2015;Fernando Torres - PSD/BA;15/12/2015
934;PL 4104/2015;Marcelo Belinati - PP/PR;16/12/2015
935;PL 6764/2016;Roberto de Lucena - PV/SP;20/12/2016
936;PL 9006/2017;Senado Federal - Paulo Paim - PT/RS;01/11/2017
937;PL 5760/2013;Senado Federal - Vanessa Grazziotin - PCdoB/AM;12/06/2013
938;PL 4385/2012;Alberto Mourão - PSDB/SP;04/09/2012
939;PL 5422/2013;Senado Federal - Vanessa Grazziotin - PCdoB/AM;19/04/2013
940;PL 1394/2015;Alfredo Nascimento - PR/AM;06/05/2015
941;PL 4587/2016;Ronaldo Carletto - PP/BA;01/03/2016
942;PL 9840/2018;Heuler Cruvinel - PSD/GO;21/03/2018
943;PL 6295/2016;Alan Rick - PRB/AC;11/10/2016
944;PL 5469/2013;Inocêncio Oliveira - PR/PE;25/04/2013
945;PL 5685/2016;Sergio Vidigal - PDT/ES;28/06/2016
946;PL 404/2015;Luiza Erundina - PSB/SP;24/02/2015
947;PL 3222/2012;Sueli Vidigal - PDT/ES;15/02/2012
948;PL 4540/2012;Diego Andrade - PSD/MG;15/10/2012
949;PL 449/2011;Perpétua Almeida - PCdoB/AC;16/02/2011
950;PL 866/2011;Onofre Santo Agostini - DEM/SC;04/04/2011
951;PL 39/2015;Sergio Vidigal - PDT/ES;02/02/2015
952;PLP 177/2012;Esperidião Amin - PP/SC;16/05/2012
953;PL 2350/2015;Jean Wyllys - PSOL/RJ;14/07/2015
954;PL 9192/2017;Dagoberto Nogueira - PDT/MS;28/11/2017
955;PL 3151/2012;Lelo Coimbra - PMDB/ES;07/02/2012
956;PLP 520/2018;João Campos - PRB/GO;08/06/2018
957;PL 6098/2013;Laercio Oliveira - PR/SE;14/08/2013
958;PL 1285/2011;Felipe Bornier - PHS/RJ;10/05/2011
959;PL 1656/2011;Mara Gabrilli - PSDB/SP;22/06/2011
960;PL 1075/2011;"Penna - PV/SP;Sarney Filho - PV/MA";13/04/2011
961;PL 2314/2015;Celso Russomanno - PRB/SP;08/07/2015
962;PL 4894/2016;Reginaldo Lopes - PT/MG;31/03/2016
963;PL 232/2015;Marcelo Aro - PHS/MG;06/02/2015
964;PL 5851/2016;Valdir Colatto - PMDB/SC;14/07/2016
965;PL 3079/2019;Liziane Bayer - PSB/RS;22/05/2019
966;PL 3543/2019;Edna Henrique - PSDB/PB;13/06/2019
967;PL 5215/2019;"Ricardo Izar - PP/SP;Célio Studart - PV/CE";24/09/2019
968;PL 921/2019;Celso Sabino - PSDB/PA;19/02/2019
969;PL 1846/2020;"Major Fabiana - PSL/RJ;Daniel Silveira - PSL/RJ";14/04/2020
970;PL 315/2020;Marcelo Calero - CIDADANIA/RJ;13/02/2020
971;PL 6333/2019;Dr. Leonardo - SOLIDARI/MT;09/12/2019
972;PL 9225/2017;Alfredo Nascimento - PR/AM;29/11/2017
973;PL 3433/2020;"Zé Neto - PT/BA; José Guimarães - PT/CE; Pedro Uczai - PT/SC e outros";19/06/2020
974;PL 6374/2019;Eduardo da Fonte - PP/PE;10/12/2019
975;PL 1477/2015;Marcos Rogério - PDT/RO;11/05/2015
976;PL 10266/2018;Odorico Monteiro - PSB/CE;16/05/2018
977;PL 1876/2019;Mauro Nazif - PSB/RO;28/03/2019
978;PL 4237/2015;Marcelo Belinati - PP/PR;22/12/2015
979;PL 2240/2019;"Luciano Bivar - PSL/PE;Dra. Soraya Manato - PSL/ES";11/04/2019
980;PL 2397/2019;Boca Aberta - PROS/PR;17/04/2019
981;PL 1823/2015;Daniel Coelho - PSDB/PE;09/06/2015
982;PL 10988/2018;Carlos Henrique Gaguim - DEM/TO;20/11/2018
983;PL 597/2015;Alice Portugal - PCdoB/BA;05/03/2015
984;PL 8931/2017;Laura Carneiro - PMDB/RJ;24/10/2017
985;PL 2726/2015;Marcelo Belinati - PP/PR;20/08/2015
986;PL 9713/2018;Odorico Monteiro - PSB/CE;07/03/2018
987;PL 1874/2015;Victor Mendes - PV/MA;11/06/2015
988;PL 6055/2019;Glaustin Fokus - PSC/GO;19/11/2019
989;PL 4077/2012;Giroto - PMDB/MS;18/06/2012
990;PL 608/2020;Rejane Dias - PT/PI;11/03/2020
991;PL 3934/2012;Renan Filho - PMDB/AL;23/05/2012
992;PL 2254/2020;Eduardo da Fonte - PP/PE;28/04/2020
993;PL 2366/2020;"Fernanda Melchionna - PSOL/RS; Sâmia Bomfim - PSOL/SP; Luiza Erundina - PSOL/SP e outros";04/05/2020
994;PL 2567/2020;"Maria do Rosário - PT/RS; Arlindo Chinaglia - PT/SP; Jorge Solla - PT/BA e outros";12/05/2020
995;PL 2583/2020;"Dr. Luiz Antonio Teixeira Jr. - PP/RJ; General Peternelli - PSL/SP; Dra. Soraya Manato - PSL/ES e outros";12/05/2020
996;PL 2152/2020;Daniel Silveira - PSL/RJ;23/04/2020
997;PL 33/2019;Luis Miranda - DEM/DF;04/02/2019
998;PL 892/2020;José Guimarães - PT/CE;24/03/2020
999;PL 2042/2020;Dr. Leonardo - SOLIDARI/MT;20/04/2020
1000;PL 3199/2020;Pompeo de Mattos - PDT/RS;09/06/2020
1001;PL 4241/2012;Erika Kokay - PT/DF;01/08/2012
1002;PL 4454/2019;Marreca Filho - PATRIOTA/MA;14/08/2019
1003;PL 7833/2017;Célio Silveira - PSDB/GO;07/06/2017
1004;PL 1258/2020;Luis Miranda - DEM/DF;30/03/2020
1005;PL 1210/2019;"Ricardo Izar - PP/SP;Weliton Prado - PROS/MG";27/02/2019
1006;PL 7374/2014;Gonzaga Patriota - PSB/PE;07/04/2014
1007;PEC 128/2019;Luis Miranda - DEM/DF;16/08/2019
1008;PEC 7/2020;Luiz Philippe de Orleans e Bragança - PSL/SP;04/03/2020
1009;PL 1316/2020;"Alexandre Padilha - PT/SP; Jorge Solla - PT/BA; Alencar Santana Braga - PT/SP e outros";31/03/2020
1010;PL 1424/2020;Flávio Nogueira - PDT/PI;01/04/2020
1011;PL 1526/2020;Valdevan Noventa - PSC/SE;03/04/2020
1012;PL 1575/2020;Roberto Pessoa - PSDB/CE;06/04/2020
1013;PL 622/2020;Igor Kannário - DEM/BA;11/03/2020
1014;PL 750/2020;João Roma - REPUBLIC/BA;18/03/2020
1015;PL 1248/2020;Marx Beltrão - PSD/AL;30/03/2020
1016;PL 1332/2020;Lincoln Portela - PL/MG;31/03/2020
1017;PL 902/2020;"Rubens Otoni - PT/GO; Professora Rosa Neide - PT/MT; Erika Kokay - PT/DF e outros";24/03/2020
1018;PL 1211/2020;Pedro Westphalen - PP/RS;30/03/2020
1019;PL 3432/2019;Léo Moraes - PODE/RO;11/06/2019
1020;PL 4017/2012;Arnaldo Jordy - PPS/PA;05/06/2012
1021;PL 8848/2017;Mário Heringer - PDT/MG;17/10/2017
1022;PL 605/2020;Rejane Dias - PT/PI;11/03/2020
1023;PL 7103/2010;Moreira Mendes - PPS/RO;08/04/2010
1024;PL 1477/2020;Marx Beltrão - PSD/AL;02/04/2020
1025;PL 2202/2020;Jaqueline Cassol - PP/RO;27/04/2020
1026;PL 10161/2018;Senado Federal - Eduardo Amorim - PSC/SE;03/05/2018
1027;PL 7848/2017;Aureo - SD/RJ;13/06/2017
1028;PL 6022/2013;Poder Executivo;06/08/2013
1029;PL 6469/2016;Alexandre Leite - DEM/SP;10/11/2016
1030;PL 9553/2018;Sergio Vidigal - PDT/ES;07/02/2018
1031;PL 7262/2014;Roberto Britto - PP/BA;18/03/2014
1032;PL 5489/2016;Ezequiel Teixeira - PTN/RJ;07/06/2016
1033;PL 7044/2014;Acelino Popó - PRB/BA;04/02/2014
1034;PL 2398/2019;Boca Aberta - PROS/PR;17/04/2019
1035;PL 8714/2017;Cícero Almeida - PODE/AL;27/09/2017
1036;PL 2748/2019;Edna Henrique - PSDB/PB;08/05/2019
1037;PL 3218/2019;Edna Henrique - PSDB/PB;29/05/2019
1038;PL 2975/2019;José Medeiros - PODE/MT;21/05/2019
1039;PL 377/2019;Danilo Cabral - PSB/PE;05/02/2019
1040;PL 4113/2015;Gorete Pereira - PR/CE;16/12/2015
1041;PL 3223/2015;Lucas Vergilio - SD/GO;06/10/2015
1042;PL 4990/2013;Major Fábio - DEM/PB;20/02/2013
1043;PL 4624/2016;Mauro Lopes - PMDB/MG;03/03/2016
1044;PL 7844/2014;"Rogério Carvalho - PT/SE;Ricardo Izar - PSD/SP";05/08/2014
1045;PL 2552/2015;Lucio Vieira Lima - PMDB/BA;06/08/2015
1046;PL 5793/2019;Rejane Dias - PT/PI;30/10/2019
1047;PL 9940/2018;Senado Federal - Marta Suplicy - PMDB/SP;03/04/2018
1048;PL 3937/2019;Ossesio Silva - PRB/PE;09/07/2019
1049;PL 2776/2015;Victor Mendes - PV/MA;26/08/2015
1050;PL 3100/2019;Danrlei de Deus Hinterholz - PSD/RS;22/05/2019
1051;PL 770/2019;Geninho Zuliani - DEM/SP;13/02/2019
1052;PL 2295/2015;Rodrigo Garcia - DEM/SP;08/07/2015
1053;PL 5157/2019;"Weliton Prado - PROS/MG;Ricardo Izar - PP/SP";18/09/2019
1054;PL 665/2011;Hugo Leal - PSC/RJ;03/03/2011
1055;PL 288/2015;Valmir Assunção - PT/BA;10/02/2015
1056;PL 321/2015;Jorge Solla - PT/BA;11/02/2015
1057;PL 1711/2020;Chris Tonietto - PSL/RJ;08/04/2020
1058;PLP 114/2020;Wolney Queiroz - PDT/PE;27/04/2020
1059;PL 1984/2020;Delegado Pablo - PSL/AM;16/04/2020
1060;PL 5335/2016;Lucio Mosquini - PMDB/RO;18/05/2016
1061;PL 2849/2019;Felipe Carreras - PSB/PE;14/05/2019
1062;PL 351/2019;Alexandre Padilha - PT/SP;04/02/2019
1063;PL 1893/2015;Luiza Erundina - PSB/SP;11/06/2015
1064;PL 915/2015;"Ronaldo Fonseca - PROS/DF; Izalci - PSDB/DF; Anderson Ferreira - PR/PE e outros";25/03/2015
1065;PL 3408/2020;Capitão Alberto Neto - REPUBLIC/AM;18/06/2020
1066;PL 3200/2015;Covatti Filho - PP/RS;06/10/2015
1067;PL 1774/2019;Glaustin Fokus - PSC/GO;26/03/2019
1068;PL 3313/2019;Júnior Mano - PL/CE;04/06/2019
1069;PL 903/2015;Alfredo Nascimento - PR/AM;25/03/2015
1070;PL 4865/2019;Gastão Vieira - PROS/MA;04/09/2019
1071;PL 2527/2019;Eduardo Costa - PTB/PA;25/04/2019
1072;PL 5923/2013;"Dr. Jorge Silva - PDT/ES;Sergio Vidigal - PDT/ES";10/07/2013
1073;PL 5846/2019;Boca Aberta - PROS/PR;05/11/2019
1074;PL 6089/2019;Jerônimo Goergen - PP/RS;20/11/2019
1075;PL 10434/2018;Eduardo Barbosa - PSDB/MG;19/06/2018
1076;PL 7900/2010;Manoel Junior - PMDB/PB;16/11/2010
1077;PL 5208/2016;"Raul Jungmann - PPS/PE; Rubens Bueno - PPS/PR; Pauderney Avelino - DEM/AM e outros";10/05/2016
1078;PL 1421/2011;Sérgio Moraes - PTB/RS;24/05/2011
1079;PL 7396/2010;Luiz Carlos Hauly - PSDB/PR;26/05/2010
1080;PL 1579/2015;André Figueiredo - PDT/CE;19/05/2015
1081;PL 2645/2015;Goulart - PSD/SP;13/08/2015
1082;PL 645/2020;Tiago Dimas - SOLIDARI/TO;13/03/2020
1083;PL 626/2020;Rogério Correia - PT/MG;12/03/2020
1084;PL 710/2020;Dr. Zacharias Calil - DEM/GO;18/03/2020
1085;PL 3570/2012;Eduardo da Fonte - PP/PE;28/03/2012
1086;PL 6950/2013;Eleuses Paiva - PSD/SP;12/12/2013
1087;PL 1552/2020;"Sâmia Bomfim - PSOL/SP; David Miranda - PSOL/RJ; Fernanda Melchionna - PSOL/RS e outros";03/04/2020
1088;PL 1494/2020;Ruy Carneiro - PSDB/PB;02/04/2020
1089;PLP 157/2020;"Eduardo Costa - PTB/PA; Paulo Teixeira - PT/SP; Pedro Augusto Bezerra - PTB/CE e outros";04/06/2020
1090;PLP 172/2020;Nelson Barbudo - PSL/MT;29/06/2020
1091;PL 10420/2018;Senado Federal - Lasier Martins - PSD/RS;13/06/2018
1092;PL 5495/2019;Hugo Leal - PSD/RJ;10/10/2019
1093;PL 1066/2011;Diego Andrade - PR/MG;13/04/2011
1094;PL 3299/2015;Heuler Cruvinel - PSD/GO;14/10/2015
1095;PL 1221/2015;Christiane de Souza Yared - PTN/PR;22/04/2015
1096;PL 4129/2019;Marcelo Calero - CIDADANIA/RJ;16/07/2019
1097;PL 2103/2015;Jorge Solla - PT/BA;25/06/2015
1098;PL 6273/2013;Adrian - PMDB/RJ;04/09/2013
1099;PL 1395/2020;Capitão Augusto - PL/SP;01/04/2020
1100;PL 2667/2020;"Fernanda Melchionna - PSOL/RS; Sâmia Bomfim - PSOL/SP; Edmilson Rodrigues - PSOL/PA e outros";14/05/2020
1101;PL 2419/2011;Wilson Filho - PMDB/PB;28/09/2011
1102;PL 2773/2020;Félix Mendonça Júnior - PDT/BA;20/05/2020
1103;PL 2919/2011;Nilson Leitão - PSDB/MT;13/12/2011
1104;PL 2254/2011;Edivaldo Holanda Junior - PTC/MA;13/09/2011
1105;PL 2385/2011;Diego Andrade - PR/MG;21/09/2011
1106;PL 6370/2013;Paulo Teixeira - PT/SP;18/09/2013
1107;PL 3310/2020;Vicentinho - PT/SP;15/06/2020
1108;PL 936/2020;Luis Miranda - DEM/DF;24/03/2020
1109;PL 753/2020;Arlindo Chinaglia - PT/SP;19/03/2020
1110;PL 3899/2012;Jandira Feghali - PCdoB/RJ;22/05/2012
1111;PL 847/2020;Kim Kataguiri - DEM/SP;23/03/2020
1112;PL 1679/2020;Eduardo Bismarck - PDT/CE;07/04/2020
1113;PL 3107/2020;Abou Anni - PSL/SP;03/06/2020
1114;PL 1615/2020;"Marília Arraes - PT/PE; Professora Rosa Neide - PT/MT; Patrus Ananias - PT/MG e outros";06/04/2020
1115;PL 2949/2020;"Idilvan Alencar - PDT/CE; Professora Rosa Neide - PT/MT; Wolney Queiroz - PDT/PE e outros";28/05/2020
1116;PL 2117/2020;João Daniel - PT/SE;23/04/2020
1117;PL 2894/2020;"Eduardo Costa - PTB/PA; Pedro Lucas Fernandes - PTB/MA; Dra. Soraya Manato - PSL/ES e outros";26/05/2020
1118;PL 3311/2019;Lauriete - PL/ES;04/06/2019
1119;PL 3644/2019;Senado Federal - Regina Sousa - PT/PI;18/06/2019
1120;PL 912/2019;Camilo Capiberibe - PSB/AP;19/02/2019
1121;PL 1911/2011;Neilton Mulim - PR/RJ;03/08/2011
1122;PL 5656/2013;Esperidião Amin - PP/SC;28/05/2013
1123;PL 11148/2018;Gilberto Nascimento - PSC/SP;05/12/2018
1124;PL 147/2019;Diego Garcia - PODE/PR;04/02/2019
1125;PL 446/2019;Valmir Assunção - PT/BA;05/02/2019
1126;PL 5413/2019;"Pedro Westphalen - PP/RS; Ruy Carneiro - PSDB/PB; Darcísio Perondi - MDB/RS e outros";08/10/2019
1127;PL 2765/2020;"Sâmia Bomfim - PSOL/SP; David Miranda - PSOL/RJ; Erika Kokay - PT/DF e outros";19/05/2020
1128;PL 4857/2019;Pedro Paulo - DEM/RJ;03/09/2019
1129;PL 1464/2011;Edivaldo Holanda Junior - PTC/MA;30/05/2011
1130;PL 2842/2020;Helder Salomão - PT/ES;22/05/2020
1131;PL 2198/2020;"Paula Belmonte - CIDADANIA/DF;Coronel Armando - PSL/SC";27/04/2020
1132;PL 5321/2013;Professor Sérgio de Oliveira - PSC/PR;04/04/2013
1133;PL 6327/2019;COMISSÃO DE LEGISLAÇÃO PARTICIPATIVA;09/12/2019
1134;PL 3111/2015;Cleber Verde - PRB/MA;24/09/2015
1135;PL 3455/2015;Décio Lima - PT/SC;28/10/2015
1136;PL 3465/2015;Kaio Maniçoba - PHS/PE;28/10/2015
1137;PL 115/2015;Juscelino Rezende Filho - PRP/MA;03/02/2015
1138;PL 917/2015;Major Olimpio - PDT/SP;25/03/2015
1139;PL 953/2015;Tia Eron - PRB/BA;26/03/2015
1140;PL 7697/2014;Sandro Alex - PPS/PR;10/06/2014
1141;PL 1830/2020;Evair Vieira de Melo - PP/ES;13/04/2020
1142;PL 6567/2013;Senado Federal - Gim Argello - PTB/DF;14/10/2013
1143;PL 6163/2019;Poder Executivo;26/11/2019
1144;PL 6162/2019;Poder Executivo;26/11/2019
1145;PL 2622/2020;"Dr. Luiz Antonio Teixeira Jr. - PP/RJ; Dr. Zacharias Calil - DEM/GO; Dra. Soraya Manato - PSL/ES e outros";13/05/2020
1146;PL 2597/2020;Marreca Filho - PATRIOTA/MA;13/05/2020
1147;PEC 28/2011;Eduardo Barbosa - PSDB/MG;11/05/2011
1148;PEC 74/2015;"Carlos Sampaio - PSDB/SP; Leonardo Picciani - PMDB/RJ; Sibá Machado - PT/AC";25/06/2015
1149;PEC 1/2015;Vanderlei Macris - PSDB/SP;05/02/2015
1150;PEC 100/2015;Veneziano Vital do Rêgo - PMDB/PB;15/07/2015
1151;PEC 280/2016;Félix Mendonça Júnior - PDT/BA;24/11/2016
1152;PEC 111/2019;José Ricardo - PT/AM;10/07/2019
1153;PEC 297/2016;Hiran Gonçalves - PP/RR;14/12/2016
1154;PEC 407/2018;Janete Capiberibe - PSB/AP;20/03/2018
1155;PEC 329/2017;Aureo - SD/RJ;01/06/2017
1156;PL 6482/2013;Francisco Tenório - PMN/AL;02/10/2013
1157;PEC 207/2019;Célio Silveira - PSDB/GO;03/12/2019
1158;PL 1759/2020;"Fernanda Melchionna - PSOL/RS; Luiza Erundina - PSOL/SP; Sâmia Bomfim - PSOL/SP e outros";09/04/2020
1159;PL 6175/2013;Goiaciara Cruz - PR/TO;23/08/2013
1160;PL 6753/2013;Renan Filho - PMDB/AL;13/11/2013
1161;PL 8226/2014;Júlio Cesar - PSD/PI;10/12/2014
1162;PL 5195/2013;Assis Melo - PCdoB/RS;20/03/2013
1163;PL 2472/2020;"Sâmia Bomfim - PSOL/SP; Fernanda Melchionna - PSOL/RS; Talíria Petrone - PSOL/RJ e outros";07/05/2020
1164;PL 2433/2020;"Talíria Petrone - PSOL/RJ; David Miranda - PSOL/RJ; Fernanda Melchionna - PSOL/RS e outros";06/05/2020
1165;PL 1184/2020;"Jandira Feghali - PCdoB/RJ; Alexandre Padilha - PT/SP; Alice Portugal - PCdoB/BA";30/03/2020
1166;PLP 4/2015;Alessandro Molon;02/02/2015
1167;PL 3090/2015;Marcelo Matos - PDT/RJ;23/09/2015
1168;PL 2592/2020;Miguel Lombardi - PL/SP;12/05/2020
1169;PL 1915/2015;Carlos Bezerra - PMDB/MT;15/06/2015
1170;PL 2051/2015;Shéridan - PSDB/RR;23/06/2015
1171;PL 2271/2020;"Carmen Zanotto - CIDADANIA/SC;Dra. Soraya Manato - PSL/ES";28/04/2020
1172;PL 2866/2015;"Otavio Leite - PSDB/RJ;Flávia Morais - PDT/GO";02/09/2015
1173;PL 3349/2015;Aureo - SD/RJ;20/10/2015
1174;PLP 161/2020;Paulo Teixeira - PT/SP;08/06/2020
1175;PL 734/2015;Pompeo de Mattos - PDT/RS;12/03/2015
1176;PL 24/2015;Marcos Reategui - PSC/AP;02/02/2015
1177;PL 3454/2020;Mara Rocha - PSDB/AC;22/06/2020
1178;PL 2114/2020;Nicoletti - PSL/RR;23/04/2020
1179;PL 1256/2020;"Pedro Westphalen - PP/RS; Carmen Zanotto - CIDADANIA/SC; Jorge Solla - PT/BA e outros";30/03/2020
1180;PL 1712/2020;"Pedro Westphalen - PP/RS; Carmen Zanotto - CIDADANIA/SC; Dra. Soraya Manato - PSL/ES";06/04/2020
1181;PL 6513/2016;Rogério Peninha Mendonça - PMDB/SC;22/11/2016
1182;PL 4292/2016;Carlos Henrique Gaguim - PMB/TO;03/02/2016
1183;PL 1402/2020;Luiz Nishimori - PL/PR;01/04/2020
1184;PL 8649/2017;Sóstenes Cavalcante - DEM/RJ;20/09/2017
1185;PL 3482/2020;André Figueiredo - PDT/CE;24/06/2020
1186;PL 7331/2017;Leônidas Cristino - PDT/CE;05/04/2017
1187;PL 2104/2020;"Alan Rick - DEM/AC;Dulce Miranda - MDB/TO";22/04/2020
1188;PL 2206/2020;Jaqueline Cassol - PP/RO;27/04/2020
1189;PL 3326/2020;Vilson da Fetaemg - PSB/MG;16/06/2020
1190;PL 2108/2020;Joice Hasselmann - PSL/SP;22/04/2020
1191;PL 1635/2020;André Figueiredo - PDT/CE;07/04/2020
1192;PL 3227/2020;Enéias Reis - PSL/MG;09/06/2020
1193;PL 2953/2020;"Gervásio Maia - PSB/PB; Denis Bezerra - PSB/CE; Alessandro Molon - PSB/RJ e outros";28/05/2020
1194;PL 2181/2020;Miguel Lombardi - PL/SP;27/04/2020
1195;PL 2184/2020;Paulo Teixeira - PT/SP;27/04/2020
1196;PL 3065/2020;Tiago Dimas - SOLIDARI/TO;02/06/2020
1197;PL 1254/2020;"Arlindo Chinaglia - PT/SP; Enio Verri - PT/PR; Rubens Otoni - PT/GO e outros";30/03/2020
1198;PL 1311/2020;Benedita da Silva - PT/RJ;31/03/2020
1199;PL 1348/2020;João H. Campos - PSB/PE;31/03/2020
1200;PL 1346/2020;João H. Campos - PSB/PE;31/03/2020
1201;PL 1561/2020;Capitão Wagner - PROS/CE;03/04/2020
1202;PL 1652/2020;Paulo Teixeira - PT/SP;07/04/2020
1203;PL 2674/2020;Wilson Santiago - PTB/PB;14/05/2020
1204;PL 2671/2020;Wilson Santiago - PTB/PB;14/05/2020
1205;PL 2766/2020;Wilson Santiago - PTB/PB;19/05/2020
1206;PLP 281/2019;Poder Executivo;23/12/2019
1207;PL 2706/2020;"Dr. Zacharias Calil - DEM/GO;Dra. Soraya Manato - PSL/ES";15/05/2020
1208;PL 2817/2020;Hugo Leal - PSD/RJ;21/05/2020
1209;PL 1382/2020;Paula Belmonte - CIDADANIA/DF;01/04/2020
1210;PL 597/2020;Rosangela Gomes - REPUBLIC/RJ;11/03/2020
1211;PL 609/2020;Lauriete - PL/ES;11/03/2020
1212;PL 2469/2020;João H. Campos - PSB/PE;07/05/2020
1213;PL 564/2020;COMISSÃO DE SEGURIDADE SOCIAL E FAMÍLIA;05/03/2020
1214;PL 2434/2020;Talíria Petrone - PSOL/RJ;06/05/2020
1215;PL 2431/2020;Gastão Vieira - PROS/MA;06/05/2020
1216;PL 2411/2020;Luis Miranda - DEM/DF;05/05/2020
1217;PL 2405/2020;Paulão - PT/AL;05/05/2020
1218;PL 1633/2020;"Aliel Machado - PSB/PR; Alessandro Molon - PSB/RJ; Bira do Pindaré - PSB/MA e outros";06/04/2020
1219;PL 6057/2016;Jerônimo Goergen - PP/RS;29/08/2016
1220;PL 1307/2020;Celso Sabino - PSDB/PA;31/03/2020
1221;PL 1516/2020;Patricia Ferraz - PODE/AP;03/04/2020
1222;PL 2166/2020;Celina Leão - PP/DF;24/04/2020
1223;PL 1672/2020;Danilo Cabral - PSB/PE;07/04/2020
1224;PL 687/2020;"Alessandro Molon - PSB/RJ; Vilson da Fetaemg - PSB/MG; Ricardo Silva - PSB/SP e outros";17/03/2020
1225;PL 1953/2020;"Perpétua Almeida - PCdoB/AC;Marcon - PT/RS";16/04/2020
1226;PL 1887/2020;Roberto Pessoa - PSDB/CE;14/04/2020
1227;PL 385/2020;Elias Vaz - PSB/GO;19/02/2020
1228;PL 412/2020;Léo Moraes - PODE/RO;20/02/2020
1229;PL 494/2020;Geninho Zuliani - DEM/SP;04/03/2020
1230;PL 756/2020;Alice Portugal - PCdoB/BA;19/03/2020
1231;PL 1512/2020;Ted Conti - PSB/ES;03/04/2020
1232;PL 582/2020;Boca Aberta - PROS/PR;10/03/2020
1233;PL 1331/2020;"Sanderson - PSL/RS; Dr. Jaziel - PL/CE; Carla Zambelli - PSL/SP e outros";31/03/2020
1234;PL 350/2020;Hildo Rocha - MDB/MA;18/02/2020
1235;PL 369/2020;Lucas Gonzalez - NOVO/MG;18/02/2020
1236;PL 372/2020;Felipe Carreras - PSB/PE;18/02/2020
1237;PL 974/2020;Marília Arraes - PT/PE;24/03/2020
1238;PL 1284/2020;"Alexandre Padilha - PT/SP; Mariana Carvalho - PSDB/RO; Carmen Zanotto - CIDADANIA/SC e outros";30/03/2020
1239;PL 1383/2020;Paula Belmonte - CIDADANIA/DF;01/04/2020
1240;PL 36/2020;Alexandre Frota - PSDB/SP;04/02/2020
1241;PL 1861/2019;Aline Sleutjes - PSL/PR;28/03/2019
1242;PL 6594/2019;Pompeo de Mattos - PDT/RS;18/12/2019
1243;PL 6497/2019;Léo Moraes - PODE/RO;17/12/2019
1244;PL 445/2015;Alceu Moreira - PMDB/RS;25/02/2015
1245;PL 973/2015;Chico D'Angelo - PT/RJ;30/03/2015
1246;PL 11105/2018;Eros Biondini - PROS/MG;04/12/2018
1247;PL 114/2015;Alceu Moreira - PMDB/RS;03/02/2015
1248;PL 6367/2013;Marco Tebaldi - PSDB/SC;18/09/2013
1249;PL 1718/2015;José Otávio Germano - PP/RS;27/05/2015
1250;PL 10491/2018;Osmar Bertoldi - DEM/PR;26/06/2018
1251;PL 6390/2019;"Talíria Petrone - PSOL/RJ; Áurea Carolina - PSOL/MG; Erika Kokay - PT/DF e outros";11/12/2019
1252;PL 805/2019;Helio Lopes - PSL/RJ;14/02/2019
1253;PL 613/2019;Flávia Arruda - PR/DF;12/02/2019
1254;PL 2032/2019;Hiran Gonçalves - PP/RR;03/04/2019
1255;PL 6316/2019;Ivan Valente - PSOL/SP;05/12/2019
1256;PL 6355/2019;David Miranda - PSOL/RJ;10/12/2019
1257;PL 1320/2019;Dr. Jaziel - PR/CE;12/03/2019
1258;PL 7582/2014;Maria do Rosário - PT/RS;20/05/2014
1259;PL 424/2015;Jorge Solla - PT/BA;24/02/2015
1260;PL 9787/2018;Vicentinho - PT/SP;14/03/2018
1261;PL 468/2019;Dr. Luiz Antonio Teixeira Jr. - PP/RJ;05/02/2019
1262;PL 6236/2019;Célio Studart - PV/CE;27/11/2019
1263;PL 6271/2019;Eduardo Costa - PTB/PA;03/12/2019
1264;PL 2977/2015;Leandre - PV/PR;15/09/2015
1265;PL 6112/2019;Célio Silveira - PSDB/GO;20/11/2019
1266;PL 6189/2019;Dr. Frederico - PATRIOTA/MG;27/11/2019
1267;PL 6210/2019;"Paulão - PT/AL; Alice Portugal - PCdoB/BA; Rubens Otoni - PT/GO e outros";27/11/2019
1268;PL 3440/2019;Otto Alencar Filho - PSD/BA;11/06/2019
1269;PL 5929/2019;Julio Cesar Ribeiro - REPUBLIC/DF;07/11/2019
1270;PL 5873/2019;Kim Kataguiri - DEM/SP;05/11/2019
1271;PL 9970/2018;Renata Abreu - PODE/SP;05/04/2018
1272;PL 2281/2019;Boca Aberta - PROS/PR;15/04/2019
1273;PL 1373/2019;Júnior Ferrari - PSD/PA;12/03/2019
1274;PL 10808/2018;Conceição Sampaio - PSDB/AM;04/09/2018
1275;PL 9657/2018;"Laura Carneiro - PMDB/RJ; Carmen Zanotto - PPS/SC; Mandetta - DEM/MS";28/02/2018
1276;PL 2928/2019;Luiz Lima - PSL/RJ;16/05/2019
1277;PLP 519/2018;Lucas Vergilio - SD/GO;08/06/2018
1278;PL 4372/2012;Poder Executivo;31/08/2012
1279;PL 1724/2015;Major Olimpio - PDT/SP;28/05/2015
1280;PLP 137/2015;Senado Federal - Flexa Ribeiro - PSDB/PA;04/08/2015
1281;PL 3855/2019 (Nº Anterior: PL 4850/2016);Iniciativa Popular;29/03/2016
1282;PL 5230/2016;Flávia Morais - PDT/GO;10/05/2016
1283;PL 9162/2017;Senado Federal - Cássio Cunha Lima - PSDB/PB;23/11/2017
1284;PL 4455/2012;Giovani Cherini - PDT/RS;19/09/2012
1285;PL 491/2015;Jorge Solla - PT/BA;26/02/2015
1286;PL 2778/2015;Luiza Erundina - PSB/SP;26/08/2015
1287;PL 1605/2019;Eduardo Braide - PMN/MA;20/03/2019
1288;PLP 216/2019;Professora Rosa Neide - PT/MT;11/09/2019
1289;PL 531/2019;Erika Kokay - PT/DF;06/02/2019
1290;PL 3635/2019;"Carla Zambelli - PSL/SP; Alê Silva - PSL/MG; Filipe Barros - PSL/PR";18/06/2019
1291;PL 6207/2013;Walter Feldman - PSDB/SP;28/08/2013
1292;PL 4405/2019;Capitão Augusto - PL/SP;13/08/2019
1293;PL 131/2020;LEGISLAÇÃO PARTICIPATIVA;05/02/2020
1294;PL 149/2020;Capitão Wagner - PROS/CE;05/02/2020
1295;PL 876/2019;Carlos Jordy - PSL/RJ;07/02/2019
1296;PL 8510/2017;Norma Ayub - DEM/ES;05/09/2017
1297;PL 11263/2018;Carlos Henrique Gaguim - DEM/TO;20/12/2018
1298;PL 4954/2019;Célio Studart - PV/CE;10/09/2019
1299;PL 4401/2016;Alan Rick - PRB/AC;17/02/2016
1300;PL 3426/2019;José Ricardo - PT/AM;11/06/2019
1301;PL 3010/2019;Dr. Leonardo - SOLIDARI/MT;21/05/2019
1302;PL 5804/2019;Edna Henrique - PSDB/PB;31/10/2019
1303;PL 5570/2016;Felipe Bornier - PROS/RJ;14/06/2016
1304;PL 2647/2019;Alexandre Padilha - PT/SP;07/05/2019
1305;PL 5263/2016;Sarney Filho - PV/MA;12/05/2016
1306;PL 33/2015;Sergio Vidigal - PDT/ES;02/02/2015
1307;PL 5791/2019;Leandre - PV/PR;30/10/2019
1308;PL 9807/2018;Carlos Sampaio - PSDB/SP;20/03/2018
1309;PL 5863/2019;Celso Russomanno - REPUBLIC/SP;05/11/2019
1310;PL 5865/2019;Luiz Lima - PSL/RJ;05/11/2019
1311;PL 8664/2017;Miguel Haddad - PSDB/SP;21/09/2017
1312;PL 3991/2019;Juninho do Pneu - DEM/RJ;09/07/2019
1313;PL 10646/2018;Goulart - PSD/SP;07/08/2018
1314;PL 4919/2016;Diego Garcia - PHS/PR;05/04/2016
1315;PL 4951/2016;Aureo - SD/RJ;07/04/2016
1316;PL 7347/2017;"Lúcio Vale - PR/PA; Cristiane Brasil - PTB/RJ; Capitão Augusto - PR/SP e outros";06/04/2017
1317;PL 5658/2019;Paulo Bengtson - PTB/PA;23/10/2019
1318;PL 9856/2018;Marcelo Álvaro Antônio - PR/MG;21/03/2018
1319;PL 8035/2017;Pr. Marco Feliciano - PSC/SP;05/07/2017
1320;PL 3227/2019;Paulo Bengtson - PTB/PA;29/05/2019
1321;PL 4016/2015;Ronaldo Carletto - PP/BA;15/12/2015
1322;PL 10549/2018;Paulo Teixeira - PT/SP;10/07/2018
1323;PL 8012/2017;Rômulo Gouveia - PSD/PB;05/07/2017
1324;PL 9396/2017;Waldenor Pereira - PT/BA;19/12/2017
1325;PL 6807/2017;Professor Victório Galli - PSC/MT;02/02/2017
1326;PL 9966/2018;Senado Federal - Ronaldo Caiado - DEM/GO;05/04/2018
1327;PL 2141/2019;Boca Aberta - PROS/PR;09/04/2019
1328;PL 2233/2019;Rejane Dias - PT/PI;10/04/2019
1329;PL 715/2019;Marília Arraes - PT/PE;13/02/2019
1330;PL 3291/2019;Gil Cutrim - PDT/MA;04/06/2019
1331;PL 4506/2019;Pinheirinho - PP/MG;14/08/2019
1332;PL 4917/2019;Benedita da Silva - PT/RJ;10/09/2019
1333;PL 5036/2019;Felipe Carreras - PSB/PE;11/09/2019
1334;PL 5159/2019;"Ricardo Izar - PP/SP;Weliton Prado - PROS/MG";18/09/2019
1335;PL 5217/2019;Paulo Bengtson - PTB/PA;25/09/2019
1336;PL 5307/2019;Domingos Sávio - PSDB/MG;01/10/2019
1337;PL 5119/2019;Pedro Lucas Fernandes - PTB/MA;17/09/2019
1338;PL 5371/2019;Giovani Cherini - PL/RS;03/10/2019
1339;PL 5247/2019;Filipe Barros - PSL/PR;25/09/2019
1340;PL 5389/2019;Rubens Bueno - CIDADANIA/PR;08/10/2019
1341;PL 5564/2019;Capitão Wagner - PROS/CE;16/10/2019
1342;PL 5415/2019;Alexandre Serfiotis - PSD/RJ;08/10/2019
1343;PL 5445/2019;Dra. Soraya Manato - PSL/ES;09/10/2019
1344;PL 5583/2019;Zé Silva - SOLIDARI/MG;21/10/2019
1345;PL 5441/2019;Paulo Bengtson - PTB/PA;09/10/2019
1346;PLP 455/2014;José Augusto Maia - PROS/PE;22/12/2014
1347;PL 4109/2012;Laercio Oliveira - PR/SE;26/06/2012
1348;PLP 450/2014;Arnaldo Jordy - PPS/PA;17/12/2014
1349;PLP 438/2014;Gonzaga Patriota - PSB/PE;04/12/2014
1350;PL 1445/2011;Rogério Carvalho - PT/SE;25/05/2011
1351;PL 158/2015;Roberto de Lucena - PV/SP;03/02/2015
1352;PL 748/2015;Rejane Dias - PT/PI;16/03/2015
1353;PLP 128/2012;Roberto Freire - PPS/SP;07/02/2012
1354;PL 13/2015;Lucas Vergilio - SD/GO;02/02/2015
1355;PL 6573/2013;Zé Silva - SDD/MG;15/10/2013
1356;PL 575/2015;"Antonio Brito - PTB/BA;Darcísio Perondi - PMDB/RS";04/03/2015
1357;PL 1721/2015;Jandira Feghali - PCdoB/RJ;28/05/2015
1358;PL 1110/2015;Jorge Tadeu Mudalen - DEM/SP;10/04/2015
1359;PL 224/2019;Roberto de Lucena;04/02/2019
1360;PL 4328/2016;"Laura Carneiro - PMDB/RJ;Eduardo Barbosa - PSDB/MG";04/02/2016
1361;PL 1411/2019;Magda Mofatto - PR/GO;13/03/2019
1362;PLP 35/2019;"Sâmia Bomfim - PSOL/SP;Marcelo Freixo - PSOL/RJ";14/02/2019
1363;PL 11222/2018;Carlos Henrique Gaguim - DEM/TO;19/12/2018
1364;PL 2295/2019;Zé Vitor - PR/MG;15/04/2019
1365;PL 2577/2019;Cabo Junio Amaral - PSL/MG;29/04/2019
1366;PL 2840/2019;Igor Kannário - PHS/BA;14/05/2019
1367;PL 3329/2019;Beto Rosado - PP/RN;05/06/2019
1368;PL 2737/2019;André Ferreira - PSC/PE;08/05/2019
1369;PL 3514/2012;William Dib - PSDB/SP;22/03/2012
1370;PL 4273/2019;Beto Rosado - PP/RN;06/08/2019
1371;PL 4952/2016;Aureo - SD/RJ;07/04/2016
1372;PL 5875/2013;Senado Federal - Renan Calheiros - PMDB/AL;02/07/2013
1373;PL 4362/2019;Edna Henrique - PSDB/PB;08/08/2019
1374;PL 2960/2019;Cezinha de Madureira - PSD/SP;21/05/2019
1375;PL 2531/2011;Eduardo Barbosa - PSDB/MG;18/10/2011
1376;PL 2630/2019;Aécio Neves - PSDB/MG;07/05/2019
1377;PL 3866/2015;"Julio Lopes - PP/RJ;Paulo Abi-Ackel - PSDB/MG";08/12/2015
1378;PL 3320/2019;Felipe Carreras - PSB/PE;04/06/2019
1379;PL 2070/2019;Célio Studart - PV/CE;04/04/2019
1380;PL 10739/2018;"Carmen Zanotto - PPS/SC; Jerônimo Goergen - PP/RS; Dr. Jorge Silva - SD/ES e outros";14/08/2018
1381;PL 3809/2019;Rejane Dias - PT/PI;02/07/2019
1382;PL 2228/2019;Policial Katia Sastre - PR/SP;10/04/2019
1383;PL 2887/2019;Adriano do Baldy - PP/GO;15/05/2019
1384;PL 4611/2019;"Carmen Zanotto - CIDADANIA/SC; Tereza Nelma - PSDB/AL; Eduardo Braide - PMN/MA e outros";21/08/2019
1385;PL 4873/2019;Rejane Dias - PT/PI;04/09/2019
1386;PL 3339/2019;"Rodrigo Agostinho - PSB/SP;Rosana Valle - PSB/SP";05/06/2019
1387;PL 3596/2015;César Halum - PRB/TO;11/11/2015
1388;PL 4877/2019;Bira do Pindaré - PSB/MA;04/09/2019
1389;PL 4872/2019;Rejane Dias - PT/PI;04/09/2019
1390;PL 138/2019;Renata Abreu - PODE/SP;04/02/2019
1391;PL 1670/2015;Rogério Peninha Mendonça - PMDB/SC;26/05/2015
1392;PL 4697/2019;Capitão Alberto Neto - REPUBLIC/AM;27/08/2019
1393;PL 1745/2019;Luiz Philippe de Orleans e Bragança - PSL/SP;26/03/2019
1394;PL 6246/2013;Leonardo Gadelha - PSC/PB;02/09/2013
1395;PL 5641/2016;Antonio Brito - PSD/BA;21/06/2016
1396;PL 265/2019;Márcio Labre - PSL/RJ;04/02/2019
1397;PL 1495/2019;Camilo Capiberibe - PSB/AP;14/03/2019
1398;PL 5889/2016;Leandre - PV/PR;02/08/2016
1399;PL 10547/2018;"Janete Capiberibe - PSB/AP;Glauber Braga - PSOL/RJ";10/07/2018
1400;PL 38/2015;Sergio Vidigal - PDT/ES;02/02/2015
1401;PLP 173/2019;Tiririca - PL/SP;03/07/2019
1402;PL 10895/2018;Senado Federal - Randolfe Rodrigues - REDE/AP;17/10/2018
1403;PL 2108/2015;Vitor Valim - PMDB/CE;25/06/2015
1404;PL 3053/2015;Christiane de Souza Yared - PTN/PR;22/09/2015
1405;PL 5924/2013;"Dr. Jorge Silva - PDT/ES;Sergio Vidigal - PDT/ES";10/07/2013
1406;PL 7337/2010;Manoel Junior - PMDB/PB;18/05/2010
1407;PL 4818/2019;Gil Cutrim - PDT/MA;03/09/2019
1408;PL 8670/2017;Marcelo Aro - PHS/MG;21/09/2017
1409;PL 9778/2018;Pompeo de Mattos - PDT/RS;14/03/2018
1410;PL 998/2019;Silvia Cristina - PDT/RO;21/02/2019
1411;PL 1769/2015;Rômulo Gouveia - PSD/PB;01/06/2015
1412;PL 2139/2011;Wilson Filho - PMDB/PB;25/08/2011
1413;PL 1233/2015;William Woo - PV/SP;22/04/2015
1414;PL 5155/2016;Dulce Miranda - PMDB/TO;04/05/2016
1415;PL 7322/2017;Daniel Coelho - PSDB/PE;05/04/2017
1416;PL 1069/2019;José Medeiros - PODE/MT;22/02/2019
1417;PL 2821/2019;Giovani Cherini - PR/RS;14/05/2019
1418;PL 10958/2018;Patrus Ananias - PT/MG;07/11/2018
1419;PL 777/2011;Washington Reis - PMDB/RJ;22/03/2011
1420;PL 3514/2019;Joenia Wapichana - REDE/RR;13/06/2019
1421;PL 4513/2019;Heitor Freire - PSL/CE;14/08/2019
1422;PL 7232/2014;"Renato Simões - PT/SP;Vicentinho - PT/SP";12/03/2014
1423;PL 8984/2017;Hugo Leal - PSB/RJ;31/10/2017
1424;PL 4892/2012;Eleuses Paiva - PSD/SP;19/12/2012
1425;PL 4595/2019;Celina Leão - PP/DF;20/08/2019
1426;PL 6234/2016;Renata Abreu - PTN/SP;04/10/2016
1427;PL 6604/2016;Mário Heringer - PDT/MG;01/12/2016
1428;PLP 106/2019;Aroldo Martins - PRB/PR;15/04/2019
1429;PL 4751/2019;Sebastião Oliveira - PL/PE;28/08/2019
1430;PL 2156/2011;Maurício Quintella Lessa - PR/AL;30/08/2011
1431;PL 7729/2017;"Otavio Leite - PSDB/RJ;Flávia Morais - PDT/GO";24/05/2017
1432;PL 4268/2019;David Soares - DEM/SP;06/08/2019
1433;PL 3832/2015;Senado Federal - Eduardo Amorim - PSC/SE;02/12/2015
1434;PL 5442/2013;Leonardo Picciani - PMDB/RJ;24/04/2013
1435;PL 1026/2019;Rejane Dias - PT/PI;21/02/2019
1436;PL 826/2019;Domingos Sávio - PSDB/MG;14/02/2019
1437;PL 5611/2016;Rômulo Gouveia - PSD/PB;15/06/2016
1438;PL 1704/2019;Julio Cesar Ribeiro - PRB/DF;25/03/2019
1439;PL 3446/2019;André Ferreira - PSC/PE;11/06/2019
1440;PL 4558/2019;Marreca Filho - PATRIOTA/MA;19/08/2019
1441;PL 9762/2018;"Ivan Valente - PSOL/SP; Chico Alencar - PSOL/RJ; Jean Wyllys - PSOL/RJ e outros";14/03/2018
1442;PL 10397/2018;Sergio Vidigal - PDT/ES;12/06/2018
1443;PL 1796/2019;Julian Lemos - PSL/PB;27/03/2019
1444;PL 1562/2019;Edna Henrique - PSDB/PB;19/03/2019
1445;PL 5021/2016;Major Olimpio - SD/SP;14/04/2016
1446;PL 7552/2017;"Laura Carneiro - PMDB/RJ;Carmen Zanotto - PPS/SC";03/05/2017
1447;PL 6527/2016;Helder Salomão - PT/ES;22/11/2016
1448;PL 191/2011;"Weliton Prado - PT/MG;Ricardo Izar - PP/SP";08/02/2011
1449;PL 364/2019;Alceu Moreira - MDB/RS;05/02/2019
1450;PL 10614/2018;Chico D'Angelo - PDT/RJ;11/07/2018
1451;PL 3718/2019;Marx Beltrão - PSD/AL;25/06/2019
1452;PL 1976/2011;Erika Kokay - PT/DF;10/08/2011
1453;PL 4622/2016;Carlos Henrique Gaguim - PMB/TO;03/03/2016
1454;PL 8717/2017;Marco Antônio Cabral - PMDB/RJ;27/09/2017
1455;PLP 522/2018;Hildo Rocha - MDB/MA;18/06/2018
1456;PL 5642/2016;Marx Beltrão - PMDB/AL;21/06/2016
1457;PL 1939/2011;Diego Andrade - PR/MG;03/08/2011
1458;PL 1380/2011;Onofre Santo Agostini - DEM/SC;18/05/2011
1459;PL 2900/2019;Otoni de Paula - PSC/RJ;15/05/2019
1460;PL 5392/2016;Eduardo Barbosa - PSDB/MG;24/05/2016
1461;PL 5275/2013;Eleuses Paiva - PSD/SP;02/04/2013
1462;PL 3146/2012;Weliton Prado - PT/MG;07/02/2012
1463;PL 4947/2016;Delegado Waldir - PR/GO;07/04/2016
1464;PL 4315/2016;Aureo - SD/RJ;03/02/2016
1465;PL 4135/2012;Senado Federal - Vanessa Grazziotin - PCdoB/AM;27/06/2012
1466;PL 5946/2016;"Laura Carneiro - PMDB/RJ;Carmen Zanotto - PPS/SC";09/08/2016
1467;PLP 78/2015;Hélio Leite - DEM/PA;12/05/2015
1468;PL 4398/2019;Felipe Rigoni - PSB/ES;13/08/2019
1469;PLP 3/2019;José Nelto - PODE/GO;04/02/2019
1470;PL 356/2015;"Julio Lopes - PP/RJ;Paulo Abi-Ackel - PSDB/MG";11/02/2015
1471;PL 3944/2012;"Jandira Feghali - PCdoB/RJ; José Linhares - PP/CE; Dr. Paulo César - PSD/RJ e outros";24/05/2012
1472;PL 5727/2016;Carlos Bezerra - PMDB/MT;05/07/2016
1473;PL 9920/2018;Felipe Bornier - PROS/RJ;03/04/2018
1474;PL 7886/2017;Jéssica Sales - PMDB/AC;14/06/2017
1475;PL 3248/2015;Sergio Vidigal - PDT/ES;07/10/2015
1476;PL 886/2015;"Mário Heringer - PDT/MG;Amaro Neto - PRB/ES";24/03/2015
1477;PL 2521/2019;Gustinho Ribeiro - SOLIDARI/SE;24/04/2019
1478;PL 6759/2010;Senado Federal - Maria do Carmo Alves - DEM/SE;05/02/2010
1479;PL 4183/2012;Giovani Cherini - PDT/RS;11/07/2012
1480;PL 4093/2019;Marcelo Freixo - PSOL/RJ;12/07/2019
1481;PL 68/2015;Pompeo de Mattos - PDT/RS;02/02/2015
1482;PL 4384/2019;Otoni de Paula - PSC/RJ;08/08/2019
1483;PL 4545/2016;Covatti Filho - PP/RS;25/02/2016
1484;PL 960/2011;William Dib - PSDB/SP;07/04/2011
1485;PL 2578/2015;Fabricio Oliveira - PSB/SC;11/08/2015
1486;PL 691/2015;Major Olimpio - PDT/SP;11/03/2015
1487;PL 3631/2019;Dr. Luiz Ovando - PSL/MS;18/06/2019
1488;PL 3651/2019;Frei Anastacio Ribeiro - PT/PB;19/06/2019
1489;PL 3685/2019;Charles Fernandes - PSD/BA;25/06/2019
1490;PL 3663/2019;Bosco Costa - PL/SE;19/06/2019
1491;PL 3930/2019;Felipe Carreras - PSB/PE;08/07/2019
1492;PL 4058/2019;Lucas Gonzalez - NOVO/MG;11/07/2019
1493;PL 3873/2019;Talíria Petrone - PSOL/RJ;03/07/2019
1494;PL 4123/2019;Hildo Rocha - MDB/MA;16/07/2019
1495;PL 3664/2019;Helio Lopes - PSL/RJ;19/06/2019
1496;PL 1588/2019;Mauro Nazif - PSB/RO;19/03/2019
1497;PL 1513/2019;Carlos Veras - PT/PE;14/03/2019
1498;PL 1471/2019;Sebastião Oliveira - PR/PE;13/03/2019
1499;PL 2136/2019;Boca Aberta - PROS/PR;09/04/2019
1500;PLP 99/2019;Jhonatan de Jesus - PRB/RR;10/04/2019
1501;PL 1848/2019;Carmen Zanotto - PPS/SC;28/03/2019
1502;PLP 114/2019;Silvia Cristina - PDT/RO;23/04/2019
1503;PL 2791/2019;"Zé Silva - SOLIDARI/MG; Leonardo Monteiro - PT/MG; Gilberto Abramo - PRB/MG e outros";09/05/2019
1504;PL 3244/2019;Liziane Bayer - PSB/RS;30/05/2019
1505;PL 3247/2019;Luiz Lima - PSL/RJ;30/05/2019
1506;PL 3541/2019;Jesus Sérgio - PDT/AC;13/06/2019
1507;PL 3338/2019;Rodrigo Agostinho - PSB/SP;05/06/2019
1508;PL 2526/2019;Eduardo Costa - PTB/PA;25/04/2019
1509;PL 4266/2012;Giovani Cherini - PDT/RS;07/08/2012
1510;PL 1447/2011;Nilda Gondim - PMDB/PB;25/05/2011
1511;PL 1134/2019;Amaro Neto - PRB/ES;26/02/2019
1512;PL 735/2015;Baleia Rossi - PMDB/SP;12/03/2015
1513;PL 2694/2015;CPI - SISTEMA CARCERÁRIO BRASILEIRO;19/08/2015
1514;PL 2818/2011;Eleuses Paiva - PSD/SP;30/11/2011
1515;PL 287/2015;Paulo Magalhães - PSD/BA;10/02/2015
1516;PL 9300/2017;Eduardo Cury - PSDB/SP;11/12/2017
1517;PL 6917/2017;Aureo - SD/RJ;15/02/2017
1518;PL 713/2011;Eduardo da Fonte - PP/PE;15/03/2011
1519;PL 9740/2018;Jefferson Campos - PSD/SP;08/03/2018
1520;PL 4212/2015;Marcelo Belinati - PP/PR;22/12/2015
1521;PL 6434/2013;Rodrigo Maia - DEM/RJ;25/09/2013
1522;PL 2033/2019;Hiran Gonçalves - PP/RR;03/04/2019
1523;PL 6918/2017;"Glauber Braga - PSOL/RJ;Wadih Damous - PT/RJ";15/02/2017
1524;PL 1546/2015;Ronaldo Benedet - PMDB/SC;14/05/2015
1525;PL 4211/2015;Marcelo Belinati - PP/PR;22/12/2015
1526;PL 11116/2018;Jaime Martins - PROS/MG;04/12/2018
1527;PL 8310/2017;Renata Abreu - PODE/SP;16/08/2017
1528;PL 10035/2018;Dr. Sinval Malheiros - PODE/SP;17/04/2018
1529;PL 4691/2016;Paulo Magalhães - PSD/BA;09/03/2016
1530;PL 8207/2014;Paulo Magalhães - PSD/BA;09/12/2014
1531;PL 526/2011;Walter Tosta - PMN/MG;22/02/2011
1532;PL 5610/2016;Rômulo Gouveia - PSD/PB;15/06/2016
1533;PL 27/2015;Jô Moraes - PCdoB/MG;02/02/2015
1534;PL 548/2015;Alice Portugal - PCdoB/BA;03/03/2015
1535;PL 8030/2010;Edmar Moreira - PR/MG;15/12/2010
1536;PL 7211/2017;Aureo - SD/RJ;23/03/2017
1537;PL 7686/2010;Jofran Frejat - PR/DF;03/08/2010
1538;PL 5078/2016;Alan Rick - PRB/AC;26/04/2016
1539;PL 5978/2016;Simão Sessim - PP/RJ;10/08/2016
1540;PL 7412/2017;Laercio Oliveira - SD/SE;12/04/2017
1541;PL 1330/2011;Arnaldo Faria de Sá - PTB/SP;11/05/2011
1542;PL 1948/2011;Onofre Santo Agostini - DEM/SC;04/08/2011
1543;PL 10802/2018;Irmão Lazaro - PSC/BA;04/09/2018
1544;PL 95/2015;Alceu Moreira - PMDB/RS;03/02/2015
1545;PL 10567/2018;João Campos - PRB/GO;11/07/2018
1546;PL 1428/2019;Daniel Silveira - PSL/RJ;13/03/2019
1547;PL 7351/2014;"Arnaldo Jordy - PPS/PA;Carmen Zanotto - PPS/SC";02/04/2014
1548;PL 11017/2018;Carlos Henrique Gaguim - DEM/TO;21/11/2018
1549;PL 2439/2015;CPI - VIOLÊNCIA CONTRA JOVENS NEGROS E POBRES;16/07/2015
1550;PL 619/2011;Giovani Cherini - PDT/RS;01/03/2011
1551;PL 2689/2019;Mário Heringer - PDT/MG;08/05/2019
1552;PL 898/2015;Carlos Bezerra - PMDB/MT;25/03/2015
1553;PL 1085/2019;Vinicius Farah - MDB/RJ;25/02/2019
1554;PL 6157/2016;Beto Salame - PP/PA;14/09/2016
1555;PL 7762/2014;Senado Federal - Eduardo Amorim - PSC/SE;02/07/2014
1556;PL 11159/2018;Carlos Henrique Gaguim - DEM/TO;11/12/2018
1557;PL 7658/2017;Francisco Floriano - DEM/RJ;17/05/2017
1558;PLP 226/2012;Guilherme Mussi - PSD/SP;28/11/2012
1559;PL 4026/2015;Marcelo Belinati - PP/PR;15/12/2015
1560;PL 2997/2011;Aguinaldo Ribeiro - PP/PB;15/12/2011
1561;PL 6985/2017;Roberto de Lucena - PV/SP;21/02/2017
1562;PL 274/2019;Rubens Otoni;04/02/2019
1563;PL 4387/2016;Wilson Filho - PTB/PB;16/02/2016
1564;PL 815/2019;Sergio Vidigal - PDT/ES;14/02/2019
1565;PL 10897/2018;Heitor Schuch - PSB/RS;18/10/2018
1566;PL 8727/2017;Antonio Carlos Mendes Thame - PV/SP;28/09/2017
1567;PL 1223/2019;Francisco Jr. - PSD/GO;27/02/2019
1568;PL 1102/2019;Marcelo Moraes - PTB/RS;25/02/2019
1569;PL 3206/2012;Onofre Santo Agostini - PSD/SC;14/02/2012
1570;PL 4089/2012;Carlos Souza - PSD/AM;19/06/2012
1571;PL 117/2015;Juscelino Rezende Filho - PRP/MA;03/02/2015
1572;PL 492/2019;Heitor Freire - PSL/CE;05/02/2019
1573;PL 6846/2017;Zé Silva - SD/MG;08/02/2017
1574;PL 11225/2018;Carlos Henrique Gaguim - DEM/TO;19/12/2018
1575;PL 4400/2012;Mandetta - DEM/MS;04/09/2012
1576;PL 4350/2016;Atila A. Nunes - PSL/RJ;04/02/2016
1577;PL 727/2019;Daniel Silveira - PSL/RJ;13/02/2019
1578;PL 6245/2013;Poder Executivo;02/09/2013
1579;PL 11260/2018;Carlos Henrique Gaguim - DEM/TO;20/12/2018
1580;PL 6088/2016;Poder Executivo;06/09/2016
1581;PL 1384/2019;Celso Sabino - PSDB/PA;12/03/2019
1582;PL 3697/2012;Marco Tebaldi - PSDB/SC;17/04/2012
1583;PL 8767/2017;Mário Heringer - PDT/MG;04/10/2017
1584;PL 11230/2018;Nilson Leitão - PSDB/MT;19/12/2018
1585;PL 6177/2016;Carlos Zarattini - PT/SP;20/09/2016
1586;PL 380/2015;Fábio Mitidieri - PSD/SE;12/02/2015
1587;PL 6986/2017;Roberto de Lucena - PV/SP;21/02/2017
1588;PL 325/2015;Goulart - PSD/SP;11/02/2015
1589;PL 7720/2017;Laura Carneiro - PMDB/RJ;24/05/2017
1590;PL 7818/2014;Geraldo Resende - PMDB/MS;16/07/2014
1591;PL 3626/2015;Tadeu Alencar - PSB/PE;12/11/2015
1592;PL 2034/2011;Carlos Sampaio - PSDB/SP;16/08/2011
1593;PL 7174/2010;Arlindo Chinaglia - PT/SP;26/04/2010
1594;PL 7064/2010;Arlindo Chinaglia - PT/SP;31/03/2010
1595;PL 5087/2016;Rubens Pereira Júnior - PCdoB/MA;26/04/2016
1596;PL 2218/2015;"Marcos Abrão - PPS/GO;Rubens Bueno - PPS/PR";02/07/2015
1597;PL 4662/2016;Angela Albino - PCdoB/SC;08/03/2016
1598;PL 7652/2017;Fábio Faria - PSD/RN;16/05/2017
1599;PL 6607/2016;Fausto Pinato - PP/SP;01/12/2016
1600;PL 2657/2015;Senado Federal - Vital do Rêgo - PMDB/PB;18/08/2015
1601;PL 11177/2018;Reginaldo Lopes - PT/MG;11/12/2018
1602;PL 2261/2015;Beto Mansur - PRB/SP;07/07/2015
1603;PL 637/2015;Fausto Pinato - PRB/SP;10/03/2015
1604;PL 1557/2015;Ricardo Teobaldo - PTB/PE;14/05/2015
1605;PL 2524/2015;Altineu Côrtes - PR/RJ;05/08/2015
1606;PL 7898/2017;Rômulo Gouveia - PSD/PB;20/06/2017
1607;PL 3448/2015;Ronaldo Martins - PRB/CE;28/10/2015
1608;PL 3423/2012;Ricardo Izar - PSD/SP;13/03/2012
1609;PL 3428/2012;Erika Kokay - PT/DF;14/03/2012
1610;PL 5120/2013;"Jean Wyllys - PSOL/RJ;Erika Kokay - PT/DF";12/03/2013
1611;PL 11046/2018;Carlos Henrique Gaguim - DEM/TO;27/11/2018
1612;PL 11049/2018;Carlos Henrique Gaguim - DEM/TO;27/11/2018
1613;PL 1409/2011;Eliane Rolim - PT/RJ;24/05/2011
1614;PL 671/2011;Weliton Prado - PT/MG;11/03/2011
1615;PL 654/2011;Ricardo Izar - PV/SP;02/03/2011
1616;PL 2715/2011;Roberto de Lucena - PV/SP;16/11/2011
1617;PL 259/2011;Carlos Bezerra - PMDB/MT;08/02/2011
1618;PL 183/2015;Fausto Pinato - PRB/SP;04/02/2015
1619;PL 3077/2015;Senado Federal - Ana Amélia - PP/RS;23/09/2015
1620;PL 1360/2011;Rodrigo de Castro - PSDB/MG;17/05/2011
1621;PL 2631/2011;Dr. Ubiali - PSB/SP;01/11/2011
1622;PL 8057/2014;Gonzaga Patriota - PSB/PE;03/11/2014
1623;PL 6836/2017;Jorge Solla - PT/BA;07/02/2017
1624;PL 718/2015;Alberto Fraga - DEM/DF;12/03/2015
1625;PL 4725/2012;Eleuses Paiva - PSD/SP;14/11/2012
1626;PL 5418/2016;Geovania de Sá - PSDB/SC;31/05/2016
1627;PL 3787/2015;Carlos Henrique Gaguim - PMB/TO;01/12/2015
1628;PL 6799/2017;Cabo Sabino - PR/CE;02/02/2017
1629;PL 8484/2017;Victor Mendes - PSD/MA;05/09/2017
1630;PL 430/2011;Rebecca Garcia - PP/AM;16/02/2011
1631;PL 11011/2018;Carlos Henrique Gaguim - DEM/TO;21/11/2018
1632;PL 11010/2018;Carlos Henrique Gaguim - DEM/TO;21/11/2018
1633;PL 11013/2018;Carlos Henrique Gaguim - DEM/TO;21/11/2018
1634;PLP 411/2014;Pedro Paulo - PMDB/RJ;16/07/2014
1635;PL 8090/2014;SEGURIDADE SOCIAL E FAMÍLIA;12/11/2014
1636;PL 5402/2013;"Newton Lima - PT/SP;Dr. Rosinha - PT/PR";18/04/2013
1637;PL 7965/2010;Moreira Mendes - PPS/RO;30/11/2010
1638;PL 2492/2011;Manoel Junior - PMDB/PB;06/10/2011
1639;PLP 419/2017;"Julio Lopes - PP/RJ;Paulo Abi-Ackel - PSDB/MG";12/09/2017
1640;PL 6344/2013;Paulo Abi-Ackel - PSDB/MG;12/09/2013
1641;PL 7301/2017;Onyx Lorenzoni - DEM/RS;04/04/2017
1642;PL 6434/2016;Geraldo Resende - PSDB/MS;08/11/2016
1643;PL 4609/2016;Nelson Marchezan Junior - PSDB/RS;02/03/2016
1644;PL 2705/2011;Félix Mendonça Júnior - PDT/BA;16/11/2011
1645;PL 834/2015;Covatti Filho - PP/RS;19/03/2015
1646;PL 3786/2012;Henrique Fontana - PT/RS;27/04/2012
1647;PL 4684/2012;Audifax - PSB/ES;08/11/2012
1648;PL 8505/2017;Jerônimo Goergen - PP/RS;05/09/2017
1649;PL 5701/2016;Celso Russomanno - PRB/SP;29/06/2016
1650;PL 7982/2017;Pedro Cunha Lima - PSDB/PB;28/06/2017
1651;PLP 159/2012;Leonardo Gadelha - PSC/PB;03/04/2012
1652;PL 10971/2018;Soraya Santos - PR/RJ;08/11/2018
1653;PL 4306/2016;Ronaldo Nogueira - PTB/RS;03/02/2016
1654;PL 1395/2011;Eleuses Paiva - DEM/SP;18/05/2011
1655;PL 10975/2018;Dr. Sinval Malheiros - PODE/SP;13/11/2018
1656;PL 7295/2010;Luiz Couto - PT/PB;11/05/2010
1657;PL 4707/2012;Eduardo da Fonte - PP/PE;13/11/2012
1658;PL 2220/2015;Veneziano Vital do Rêgo - PMDB/PB;02/07/2015
1659;PL 6851/2013;Diego Andrade - PSD/MG;29/11/2013
1660;PL 9555/2018;Cabo Sabino - PR/CE;07/02/2018
1661;PL 301/2011;Marçal Filho - PMDB/MS;09/02/2011
1662;PL 3951/2015;Marcelo Belinati - PP/PR;10/12/2015
1663;PL 5612/2013;Davi Alves Silva Júnior - PR/MA;21/05/2013
1664;PL 7889/2017;Carlos Henrique Gaguim - PODE/TO;20/06/2017
1665;PL 6991/2013;Antonio Brito - PTB/BA;17/12/2013
1666;PL 5241/2016;Delegado Edson Moreira - PR/MG;11/05/2016
1667;PL 5684/2016;Max Filho - PSDB/ES;28/06/2016
1668;PL 4992/2016;"Laura Carneiro - PMDB/RJ;Carmen Zanotto - PPS/SC";12/04/2016
1669;PL 4317/2016;Luiz Lauro Filho - PSB/SP;03/02/2016
1670;PL 276/2015;Zé Geraldo - PT/PA;10/02/2015
1671;PL 6800/2013;Ricardo Izar - PSD/SP;21/11/2013
1672;PL 771/2011;"Rogério Carvalho - PT/SE; Jean Wyllys - PSOL/RJ; Romário - PSB/RJ";21/03/2011
1673;PL 3127/2015;Guilherme Mussi - PP/SP;24/09/2015
1674;PL 4309/2012;Senado Federal - Eduardo Amorim - PSC/SE;10/08/2012
1675;PL 3964/2012;Felipe Bornier - PSD/RJ;29/05/2012
1676;PL 1197/2011;Alfredo Sirkis - PV/RJ;28/04/2011
1677;PL 1430/2011;Stefano Aguiar - PSC/MG;24/05/2011
1678;PL 10684/2018;Nivaldo Albuquerque - PTB/AL;08/08/2018
1679;PL 4483/2012;Senado Federal - Vanessa Grazziotin - PCdoB/AM;27/09/2012
1680;PL 3514/2015;Senado Federal - José Sarney - PMDB/AP;04/11/2015
1681;PL 4437/2016;Átila A. Nunes - PMDB/RJ;18/02/2016
1682;PL 1310/2011;Paulo Teixeira - PT/SP;11/05/2011
1683;PL 2874/2011;Vinicius Gurgel - PR/AP;07/12/2011
1684;PL 4916/2016;Carlos Bezerra - PMDB/MT;05/04/2016
1685;PL 5535/2013;João Dado - PDT/SP;08/05/2013
1686;PL 6987/2017;Odorico Monteiro - PROS/CE;21/02/2017
1687;PL 8164/2017;Lobbe Neto - PSDB/SP;03/08/2017
1688;PL 1230/2015;Helder Salomão - PT/ES;22/04/2015
1689;PL 9917/2018;Rômulo Gouveia - PSD/PB;03/04/2018
1690;PL 2459/2011;Valdemar Costa Neto - PR/SP;04/10/2011
1691;PL 3569/2012;João Dado - PDT/SP;28/03/2012
1692;PL 5674/2013;Aureo - PRTB/RJ;29/05/2013
1693;PL 7264/2014;Senado Federal - Antonio Russo - PR/MS;19/03/2014
1694;PL 6756/2010;Senado Federal - Expedito Júnior - PSDB/RO;05/02/2010
1695;PL 6898/2017;Senado Federal - Ataídes Oliveira - PSDB/TO;14/02/2017
1696;PL 5000/2016;Senado Federal - Comissão de Direitos Humanos e Legislação Participativa;12/04/2016
1697;PL 1118/2011;Eduardo Barbosa - PSDB/MG;19/04/2011
1698;PL 10/2015;Lucas Vergilio - SD/GO;02/02/2015
1699;PL 1058/2015;Goulart - PSD/SP;08/04/2015
1700;PL 4852/2012;Eduardo da Fonte - PP/PE;12/12/2012
1701;PL 3420/2015;Pompeo de Mattos - PDT/RS;27/10/2015
1702;PL 2903/2015;Paulo Azi - DEM/BA;03/09/2015
1703;PL 6816/2013;Ronaldo Benedet - PMDB/SC;22/11/2013
1704;PL 6781/2016;Marcos Rogério - DEM/RO;20/12/2016
1705;PL 1163/2011;Erika Kokay - PT/DF;27/04/2011
1706;PL 3495/2012;Wandenkolk Gonçalves - PSDB/PA;21/03/2012
1707;PL 906/2015;Padre João - PT/MG;25/03/2015
1708;PL 6244/2013;Poder Executivo;02/09/2013
1709;PL 656/2015;Jorge Solla - PT/BA;10/03/2015
